Image_Name,width,height,total_pixels,terrestrial_pixels_hard,terrestrial_pixels_soft,mean_pixel_confidence,n_background,soft_background,softvar_background,n_building,soft_building,softvar_building,n_earth,soft_earth,softvar_earth,n_grass,soft_grass,softvar_grass,n_animal,soft_animal,softvar_animal,n_mountain,soft_mountain,softvar_mountain,n_path_road,soft_path_road,softvar_path_road,n_person,soft_person,softvar_person,n_rock,soft_rock,softvar_rock,n_shrub_bush,soft_shrub_bush,softvar_shrub_bush,n_sky,soft_sky,softvar_sky,n_tree_conical,soft_tree_conical,softvar_tree_conical,n_tree_broadleaf,soft_tree_broadleaf,softvar_tree_broadleaf,n_wooded_mass,soft_wooded_mass,softvar_wooded_mass,n_Water,soft_Water,softvar_Water
1.jpg,654,800,523200,322419,322540.97202208976,0.8915789818545,103278,104488.86276655682,24333.24735612117,69871,68954.60291203513,2780.446810044356,0,123.89062341853787,123.72760992571055,0,72.3492189744702,72.30060776724565,0,45.929475655830174,45.92231537592646,4070,6092.636559246766,2592.3547793303633,0,31.06307227063553,31.058828388815478,0,41.539787924457414,41.534639029058695,30062,28591.377434061844,4962.6032605465125,61709,53286.22864747493,12873.35063165612,97503,96170.16318398499,7155.4350663262985,0,127.75485960173683,127.65680956886564,156707,164498.18107765462,19205.82578326917,0,343.76754152406284,339.90752814901543,0,331.6508122467785,278.810665369214
10.jpg,800,546,436800,165384,167974.68569977867,0.8803318658305994,113115,111236.87650441442,26870.470998542507,42594,41747.02610990639,9781.064199499344,336,1736.8864415246826,1409.894423478148,14194,13515.391397236475,3203.310845939949,4,168.0837915023767,159.75064908981096,0,88.4283742197631,87.92491179980485,0,259.40360021923334,251.96386921324765,2133,1936.680472062726,779.0770648625003,0,37.24644580889071,37.238315929666214,41571,39209.143470102514,8663.044848616206,158301,157588.44765967582,3593.838648372379,2217,2239.094292353235,1113.5959439185638,58834,62545.99586098708,13170.642104797895,1815,2143.5008486677452,1135.3925823532632,1686,2347.804595187554,1168.3909139791463
100.jpg,800,694,555200,366391,363170.52149759245,0.9339615918211747,72929,77499.72691869317,22072.480248319098,1869,1789.7670737322005,517.8086483173394,54779,54237.57364431415,3638.5123492094904,23091,22274.312298542078,2972.4704428698337,37153,36281.05240225111,3944.252157479117,1778,1713.4835141224012,364.53096213386954,0,38.73233426785646,38.72442581531254,8526,8375.848860382479,917.6635788063493,0,32.10415877884407,32.101498082810025,0,31.222846069127627,31.219110880396713,115880,114529.74176090755,4401.067544207554,0,42.7830369109397,42.77862109057853,228662,228193.05167490235,9640.81741713666,10533,10132.718795250672,1769.673849880451,0,27.87085806831783,27.86787441261626
101.jpg,800,559,447200,249118,247685.2372559007,0.8864978886560965,103859,106188.9038928114,27522.19338574878,731,821.4741469088667,301.0659015089038,41767,40878.35575203161,6469.249432374303,0,99.56446095844512,99.47197875896633,1,32.40285414151549,32.194916612732584,7878,7637.1642150677235,1053.4627484563941,0,25.97900826491332,25.96412716194215,1701,1932.4440029127418,616.0053099699613,0,57.590720813908774,57.55746383799008,68452,62884.81932994385,11543.745139002074,94223,93325.85700288405,5128.042496014949,0,39.65125722929042,39.64565215987824,117630,122130.84791089504,13898.94291691434,2906,3106.7963477557096,1484.8937226427693,8052,8038.147248977046,1066.8696510038185
102.jpg,800,554,443200,215484,223964.33203401454,0.8561394150488563,129906,122182.63444141942,31474.55068780408,0,24.633814752705803,24.63198337206431,11177,17846.673423851935,10955.500110228164,0,1027.352134408471,1009.3563347730899,2886,3455.361138571292,1792.970830238149,18281,17915.700751323304,1965.516857300359,4520,4632.975482889564,1158.7433993750058,3124,3257.66049254869,1442.0079600560746,0,2446.0413848226463,2318.7113826591335,62231,53515.737120633654,14189.127725627039,97810,97053.03563386464,3330.6301416437327,0,69.27258487380823,69.24797138323997,109281,113693.7347977254,15893.813814325062,753,2449.091643416452,1482.627083283365,3231,3630.0972641965764,977.8592163050745
103.jpg,800,594,475200,249474,248075.6313180025,0.8450803786710607,131004,135593.02869809113,38308.15036928047,1761,1692.1937288221525,486.7668091601147,16923,18874.50988348189,7749.986413400202,0,690.9747190216567,679.5249188304374,26,270.46385496774747,211.1607959752497,9729,9626.087036865985,1179.8081280235128,12552,11961.201009439152,4255.60046415767,236,265.5354558911449,185.74455597616986,0,484.31293662598546,481.7866454040363,76723,78762.40866320266,23603.868951206132,94722,91531.33816730959,6522.872644747022,0,67.09505459992761,67.07956441395184,130132,123901.77079531355,18020.08841001252,1392,1363.3664864752718,560.3512048857389,0,115.7116932953868,115.64673749516726
104.jpg,800,614,491200,257281,255413.77337243294,0.9115669643307706,95022,97726.69753673425,25351.72367288212,21743,21320.96563883902,1562.1655097284395,5371,6110.231254201395,2310.3352746699666,16755,15986.110996683221,2825.3161313778733,5727,6044.930346997151,2008.3811819480782,3790,3613.1370419441623,1252.2221470625952,0,185.3763036567907,182.41098821613016,18501,18424.824487631027,3044.138709135652,0,90.16532010031551,89.91459842365745,39137,39180.40122287607,5922.72383235708,138897,138059.52697220704,4546.545780725288,0,44.31915535866392,44.31268134849056,134606,133728.92817008877,6885.424352741569,6540,5818.523228707254,1841.2018835114768,5111,4865.860205349127,1349.082146882696
105.jpg,800,557,445600,319757,318353.34784980613,0.9048195886900197,73814,75340.06451529522,19495.613657893256,19566,19053.460589838298,2205.942178624711,14903,15375.252743888945,2821.8223169996927,9464,9195.85498069268,1787.7665651502055,5767,5745.4902287904715,1570.1822562811938,0,52.428740779029795,52.36202942430406,0,51.26071588371087,51.09944487856764,210,599.3353676401639,421.9409680466121,176,247.6270353428299,190.79027255206893,28192,33829.477861931824,9630.448631366038,52029,51906.58830039417,2060.0761358231043,1015,1768.8669162380975,1111.922244250536,232085,224313.37113858966,14602.297796047185,0,109.96654548069455,109.87679297037869,8379,8010.954984709705,1403.1915395244375
106.jpg,800,587,469600,205938,205009.7463047658,0.8694708928430939,64929,67054.02837184048,27726.70300822603,19973,19871.524372939486,3025.432327333923,0,7183.746815659086,6396.799271851518,23232,20751.13169257905,5981.595451401509,5455,5535.51645618797,1944.0109041110122,12123,11144.7799949452,1813.2854884508283,0,137.38466872880326,137.1645677846205,10211,10170.52899983127,1918.6744455237936,23694,20888.204819809805,10644.821992934638,41466,39410.378810292474,7389.424630381155,198733,197536.2275204096,4320.004335742652,0,98.35692872245272,98.26916431111107,52916,52942.71374363644,7657.361779920177,10551,10752.211159032868,4438.453624345605,6317,6123.26784240085,1511.4834318502965
107.jpg,800,649,519200,365453,365264.285442676,0.8325112731146622,88751,89353.2405892781,31574.776091355718,13789,8681.324116478338,3761.608614087092,60441,51016.31894867773,24953.174305889006,195,6384.358839108383,5252.800575224688,0,253.287542243399,252.88670490899867,5575,5375.215849516333,1151.1909702231621,0,422.19035610152787,420.64053378095997,6736,6511.701001946543,1312.7542896295054,54904,64562.30771065772,26184.440302170682,19460,17723.335213218852,4087.568111248977,64996,64582.47409066549,3593.487088951482,0,124.05453984021733,123.97777938687727,202631,201050.1229084863,10416.558602272284,1722,2983.846022279864,1838.307070082462,0,176.2223941208249,176.03099184817228
108.jpg,938,587,550606,274365,276098.04735499003,0.7931703912042551,123711,122850.82518677437,30614.129893851947,11044,10761.467951780754,1776.143229099031,72757,60219.452752549274,18960.100484947725,14361,27123.546501032746,15729.835468365018,0,205.66838888466373,205.45012318098821,10962,9936.443136189413,2647.8154833649455,0,262.9292796719528,261.3409622690259,0,349.99881257348534,329.358420594907,0,408.1232953339386,407.46906194176483,81194,64971.34547178944,33067.94038763867,152530,151657.12772564683,2701.9102059443617,0,197.82645937350026,197.59757712440674,76986,94650.41748903113,36205.10531295282,0,466.48161234698273,462.71478432941143,7061,6544.346204432748,2114.2231325633093
109.jpg,527,788,415276,174017,184691.12195184402,0.848212885495284,116967,107609.30001920414,26831.427596428883,27060,25936.61534730933,3094.7708324949517,20,1536.1964858570354,1412.3181068063618,40474,27831.01054850222,15931.784428688865,0,106.32954169459663,104.75077485134526,0,145.24587347216766,145.03946437509921,0,148.6448605245132,148.4913771171015,0,140.29352446485063,140.09007507658612,48097,48904.73354540273,11078.523931021735,0,15685.91013048849,11972.783292150743,124292,122975.57472202752,2584.1755603331003,0,285.331738612349,284.5100070087533,3146,9112.56540488088,7437.590200090732,0,716.9185917284594,705.8567632222132,55220,54141.32635890654,4187.607116634057
11.jpg,800,551,440800,226175,223816.4928207563,0.9422359587685518,58345,61808.11590208896,15083.595382569405,20005,19793.30309774968,1824.1826768900044,18837,18485.647328351595,1559.37654711477,14184,13914.452895621987,1427.7900123448364,2374,2276.35648130096,603.7705454126595,0,24.32977151505156,24.327586054619104,0,22.25858726686056,22.25654475312853,1613,1575.4687290659558,536.473181082052,0,26.491304872699402,26.48902596526377,17855,17762.046492640322,2307.950111275603,156280,155175.38812872104,2460.819862576319,0,31.04729510983998,31.043870486916955,88771,87858.30544643836,4056.441350721134,9287,9126.846589696215,1199.5923870523204,53249,52919.93880112675,3627.1405066510747
110.jpg,800,591,472800,291884,294360.2086399911,0.8580359517642362,95508,94577.03317428092,27036.644410518456,15322,15035.173973770816,2022.8495460994745,44111,43850.523479837146,4282.988250522145,0,79.06657931129666,79.02708504738024,0,13749.527023683464,8991.408009803365,9977,9783.549095772538,1036.640104385232,0,156.55610026606882,155.0220136282576,6268,5420.713079995417,1712.488097449815,26903,18032.843232791874,10171.786856514078,36800,35590.94947748842,11517.23706090368,85408,83862.75712862714,3883.449607674046,0,89.11724158514335,89.066183342717,152503,151260.99383918528,17480.26669352425,0,1238.4443216626023,1198.9571470713422,0,72.75119464104864,72.7150720805601
111.jpg,800,590,472000,404142,400729.6847807585,0.9451000924494938,44628,48338.5379580848,14413.24420920072,0,30.703769788007776,30.701274200594234,63637,63062.638538277475,3820.8149108396296,0,53.72370364523704,53.71240565526685,22808,22358.24662353415,1760.2686995345523,12913,12639.664174229925,1195.0561153999488,2530,2675.8448182397333,926.0902043890433,5248,5055.486856686282,1258.6737616763567,18060,17915.692172267067,1315.3223345515396,101985,100903.77872956215,3730.2339231752303,23230,22931.777095787973,1488.5576773309099,0,81.82890097883228,81.80568758661938,176961,175850.32312219968,5728.77832080405,0,57.18983184645549,57.17902727136622,0,44.56353950348421,44.55645156928437
112.jpg,800,616,492800,389857,388950.7498844806,0.9399415651255275,80239,81520.22169924405,19047.93849864725,0,24.65210592937001,24.650661762841978,0,54.14345930706622,54.12070823869106,8720,10062.202641354572,2843.7335859847353,1731,1863.26972197969,722.4859105614307,0,38.83763288107821,38.82913630297004,0,28.062967690484584,27.388467770808298,0,37.71952745918679,37.71611318615611,11062,11120.971521253214,2362.676186444057,21057,20767.195547483192,1843.5851607197567,22704,22329.029581024577,2973.4989463333764,0,112.57274221184343,112.54041427958924,331928,329583.95385388844,10160.128890358823,15359,15179.626762498578,1540.2080391980553,0,77.54140054395975,77.3964747688009
113.jpg,800,600,480000,299068,296818.9821196659,0.845179933536301,83136,86688.06312732208,29992.180685494262,0,39.68982231134942,39.68229309926231,27340,22050.19949814016,10578.258469998318,0,5907.236539649395,5092.546183407535,3407,3373.6422610639856,1184.0511258609445,2725,3373.7600255511243,1199.403246065334,11194,11920.56665687669,6738.945238524994,860,1059.0029960294742,558.1772585857736,13850,13353.298879141887,2912.100998606492,57405,52587.34800724744,14113.215778111604,97796,96492.95320895719,4602.730182472565,0,103.8354800636298,103.79661745067173,182269,182311.53083430562,21967.160681136207,18,527.8722378465209,443.8181137179696,0,210.99888143853605,210.2994432647713
114.jpg,800,570,456000,285593,293196.6675091047,0.8467372644489729,118266,110913.17763278463,31936.6217410375,5273,4545.482561088678,1385.1142506944252,20863,21955.39987342278,11786.816381390992,11480,18777.34573555263,12240.760015366024,3619,3919.7294957033755,1572.8126161341033,5517,5474.403622520636,643.3103845902302,0,171.14333330107365,170.80690709842045,10336,10203.992497689693,2351.896526614422,0,6051.799539162259,4820.499173294878,10058,10902.521220030982,4926.778599016877,52141,51890.154530777996,2358.476583963187,0,71.78108774018074,71.76402623936616,173265,173008.222990408,11541.564439172362,3592,4158.847676482617,1343.2637033777316,41590,33955.99787600182,10406.660163277407
115.jpg,800,621,496800,243162,240744.30550379626,0.8971701313753803,79101,83157.41236847283,27526.12911521975,10266,9860.098335394134,1398.143769177402,57481,50827.12823129238,12118.038114755867,6,5825.2245259218,4266.56108335847,0,68.07535999355241,67.77795731193198,0,46.86826292006299,46.85079723103764,0,118.57057776405418,118.31656933064795,18172,17746.824521538336,2691.3656835281645,2,962.9723064210175,913.7216501934449,14458,14292.735789833598,2741.199435657917,174537,172898.27705391435,5172.4570582757,0,50.96882940670184,50.9390688344897,107391,106419.8594764929,6057.13522735447,8243,8330.40586298154,3152.8571613002573,27143,26194.573423836286,3183.363239450666
116.jpg,800,530,424000,218485,221542.3268427105,0.8541097462492871,92461,90367.80462336465,29796.630881360237,12855,12066.667486168883,2867.539219312981,21690,19036.125926882363,9437.743299407184,0,1096.6707794253853,1024.9205876793894,0,45.23072370852242,45.21292865082541,1275,1383.4452269547164,494.12913843116206,1462,2746.230311559084,1784.401051767726,5505,5522.300664562566,1206.8978865128188,11728,14194.121587424785,6819.732945652326,12356,17750.699022153975,9653.47385507306,113054,112089.87253779602,4418.611031109941,0,394.5147395678159,374.9890242165135,151614,146920.63109074923,15305.598697280624,0,195.4898039819418,195.21551930331034,0,190.19947957120348,188.7064014104266
117.jpg,800,660,528000,355827,353304.734732824,0.89771783533444,113824,116509.2117465327,32896.60818333304,0,27.769331383729877,27.763019606099974,33414,33996.33259627678,7930.131435932806,0,135.0460048771547,134.8651859809443,3745,4829.392916387193,2133.886140632987,17676,17367.47913175409,2191.5709175951015,11,321.6923806962368,301.92579467987235,6682,6126.699571314011,2096.8851376633224,339,1097.1600740590293,831.6866942536129,37929,35961.48247489545,4080.6879139030034,58349,58186.05390396005,3306.070216876223,0,96.76868751892471,96.73580649518485,242159,239393.2243712612,13985.859013092053,12807,12655.969821926763,3799.70974638315,1065,1295.7173704734323,571.6005318251167
118.jpg,800,604,483200,172161,171599.52680760343,0.9078831096618923,41612,43306.014075919215,18509.14377282886,6171,5805.824797108571,850.0961253677333,41605,40438.152985627654,3672.2039567057427,20820,21024.945730453983,6771.72297831449,39056,38684.44489511936,4291.7535881511885,5653,3793.204869246326,1863.3994484266939,0,35.535366428295674,35.53165223932382,12091,11777.950611672884,1160.1816349503267,0,72.5072943446412,72.4755537617182,26784,24201.16692507909,6757.750838177042,269427,268294.4667392679,2865.726645339837,0,99.97761375943992,99.76545462695802,14016,16543.395327143033,6254.919331040388,5965,9020.752773957605,5507.376798610814,0,101.66761766249601,98.93643454341152
119.jpg,800,650,520000,336856,343309.27937236906,0.8607086662686215,112147,106392.24054617865,31517.020656519464,0,34.877743686944086,34.83857213560984,67687,71299.83959044117,18634.110900484386,13923,17203.161056149947,10237.200956153134,116,1000.7777233557026,791.4947004357991,8969,8899.592399940972,1587.39071066654,0,113.3452998007142,112.70868187754331,7907,7372.35457935104,1839.4487396925315,10874,10930.610884031152,3467.1537528236795,16885,19800.45909219653,7874.018655046427,70997,70298.4775462386,3211.6354100607095,0,112.51171104090827,112.06716191337559,194959,192330.34392033517,10159.741199619675,2,415.67874299418327,386.47990399573285,15534,13795.726629044639,6497.037707912679
12.jpg,800,462,369600,183595,183763.98550674558,0.8835042468254007,59865,60878.09796511614,21432.904556073434,15597,15546.705782841445,2367.6969607319697,23161,21341.01674718965,6648.189662712343,0,2550.938859330132,1938.6096481978182,514,1415.598754748993,970.4240094299234,0,25.46011381916469,25.450822930732734,0,57.399933672872066,57.26002316936906,6422,5883.291215385365,1806.9985275843223,0,34.177469832597126,34.16090071704018,35161,35602.11084386331,7497.9200453907415,126140,124957.91716179026,4672.903729086011,0,31.97261593453368,31.9651093349907,78586,77379.37465570007,7123.271413325604,0,211.29760938884647,208.13408228637996,24154,23684.64090503854,2761.3387880716964
120.jpg,880,548,482240,304581,305354.1042251969,0.8829620624393072,129027,128765.75584556341,35795.92925990749,0,22.69319548731255,22.691922043465645,27371,28008.08408792674,7037.070329840061,0,822.8693898169167,805.0525396892688,3725,3956.4004977897803,1238.1450109573436,3320,3222.010647250646,692.5678126838635,0,37.734733458794835,37.71488206227548,5057,4978.368022935431,1771.9473275214884,0,111.34672251238044,111.16812433602138,6845,8961.797698720497,5057.748656180669,48632,48120.14216245542,5509.612900346318,0,68.7303461709871,68.70726827541267,258263,255088.06392794105,20100.1675067451,0,33.10374033323751,33.099189219637516,0,42.90121485308373,42.8702121673982
121.jpg,800,647,517600,261153,261399.25324323264,0.853038042562235,79777,80556.14545143218,29988.765558138228,25097,27668.789013491572,11278.517052899118,0,114.20662065361284,114.14940028646377,45030,45883.866998513826,5864.629478325669,0,229.772144469247,228.91095890387342,2027,1974.5880765079173,430.0455581954459,0,48.97831413640233,48.9706290222595,33105,31863.84302505292,5162.430296066497,49729,47687.24180436875,16474.89602720455,52390,50610.22480689541,9688.643755089159,176670,175644.59511616672,2812.397575371032,0,77.05999158183295,77.03029915496826,49507,48497.04172213006,13813.451961833916,4268,6697.076547625062,4213.441724601987,0,46.56417780609263,46.55881956548991
122.jpg,800,562,449600,194680,198563.92038743856,0.8730818913913467,101616,99803.56729365553,26609.9829422337,7866,7933.764204581736,1660.4950160235592,6854,7321.875051592073,2324.983310501535,13013,13448.455936635228,4391.346979827813,8370,9356.476961364548,2253.4587343841417,10837,10567.707846868507,1124.663707935469,0,88.51115044575454,88.19741071659584,7545,7440.288055423989,2094.12476452772,0,86.36714222873525,86.30000842958384,19262,31645.01250803322,14009.715782692463,153304,151232.51371983235,5828.936947250007,0,37.75870036953165,37.75167847654672,119770,108677.0166245828,14245.320191038412,1163,1924.1198399175555,957.7790599511656,0,36.56636539486317,36.558187882231444
123.jpg,729,800,583200,361407,359326.2637386831,0.83573748069556,84964,87953.02397309436,33967.17599155848,52109,56844.8608410552,12896.704566989229,67444,66430.4824897252,8967.84662912729,0,498.46379129182606,494.1779860426267,7060,7151.888214483268,2890.2774714699676,7017,6534.120386971274,1191.4495329409665,0,132.12422804147445,132.05721752685514,1887,2254.504663149244,1262.1679657721625,43633,38324.727110883156,12112.428786099003,47674,49268.96277874221,16397.961387828433,136829,135920.70578010922,4197.569033977379,0,12574.600650289432,10757.625594344632,134583,119070.30358412536,26808.310191686665,0,100.72479842015673,100.69435411513501,0,140.50020150521232,140.40773216904233
124.jpg,800,553,442400,223304,223446.32024945915,0.8699517639612553,83103,84017.82528672004,23338.791292841313,992,1610.023420625559,966.8241180502383,0,86.23288961697472,86.15062921668653,0,84.3388428031194,84.2792835219248,3313,3437.591617733091,1490.2313781919133,5949,5575.117338584445,1126.257788153926,0,49.15012035183463,49.09879056963054,1954,1970.9962155121675,551.457840364347,14125,14776.66969747538,4242.459256923558,34081,41530.84376408217,16792.692539280284,135993,134935.85895477879,3415.8633719164886,0,62.2413735645423,62.22848242352488,162890,153905.1853420874,24859.56815868825,0,114.51116011941122,113.04848464543595,0,243.41846690301827,237.76759087243195
125.jpg,800,641,512800,258469,257035.16452906438,0.8617445349397774,86957,89012.22312570624,33491.29397504082,5261,4903.512140186565,1406.430346392833,10927,14264.339149601768,6637.050470009289,0,255.6159540294302,254.11473816985705,0,68.74435877450014,68.72724038304835,7438,7387.406565136469,1434.7239794958566,0,82.11151245336532,82.05528578444383,7508,7065.199927176916,1941.5776169775368,109059,105318.60643203638,18201.82279664784,6962,12185.080485514361,5656.618369175577,167374,166752.6123166655,4888.706128443115,0,104.20035884755998,104.14733410739595,72913,64248.05731903702,14051.611930091176,1245,4378.8379658529775,2949.5402602189592,37156,36773.452360417046,4479.806928942864
126.jpg,800,529,423200,172383,173101.40196701913,0.903922391844762,75272,75515.84487347597,18902.61798711857,78148,75457.5954243125,8063.757294249618,0,3437.6256692930147,2994.860797372138,15920,15127.097690710998,5020.3046102039425,2228,2371.819453357908,1150.525309949303,0,158.97840386045118,156.38166365405272,6131,5126.084122844739,2281.9439864819215,5232,5133.320968080572,1513.5360995984934,2855,4304.415796095019,2421.688411901079,7504,6347.321309538278,3120.1380772875127,175545,174582.75210220506,3338.694124052412,0,85.97263437373658,85.6652703668261,6116,5332.54132733131,2222.68031283574,99,2079.348881652946,1570.6854432628973,48150,48139.28028556763,2714.857956016514
127.jpg,800,717,573600,353373,350226.3343526812,0.8996794464413695,87473,91907.09323451089,31083.248634744927,0,38.22017250201134,38.20540564039864,62477,61846.961702671746,13213.07101494961,0,191.49855208244662,191.17228878364654,68700,66520.45545598157,10459.705530252664,3381,3324.724578089863,494.2590904534185,0,229.5387251225984,225.29178451516498,22195,22330.96334418242,2874.365039050492,6,445.5795847833724,400.8926485813038,33121,33122.079493920784,10142.802851530469,132754,131466.56854316915,3273.206374275055,0,54.57837379315788,54.56964329815914,163493,161962.61601892379,6403.400984200197,0,74.4689544543744,74.44929890483105,0,84.64939617293385,84.27237168927365
128.jpg,800,657,525600,253499,254684.71497539713,0.8202909754960594,117490,117833.46475741317,35543.50323985084,30927,28651.144598194107,10822.19846602863,29044,29911.271174725738,10908.048735452126,24296,23893.656667290015,10397.225990751793,21431,22125.50621165898,4647.875484981147,8533,6774.999600387484,2139.0903235843107,0,161.62778999815419,159.48829941634023,7622,7156.974229925127,1370.203748864299,16659,18533.058123457828,7427.9957545554835,15241,28039.47982932124,13210.345984673155,154611,153081.81327341724,6881.784913340391,0,100.54922939945027,100.47955279057213,98119,85736.64775424318,21380.22339345163,1627,3452.737220845018,1863.4196532272863,0,147.0625459508001,146.32669881826564
129.jpg,800,644,515200,180556,182326.90997266187,0.8827382536123431,99303,99314.61602875416,30535.39460323209,7765,7310.168154161336,2663.6558279685364,11478,10896.558487189257,3596.200649652895,0,643.2560581297221,633.2737809468499,3278,3355.445855568494,1370.7058662826082,23288,21192.25312232358,4196.780899663117,0,71.56306638631577,71.52448092539976,2797,2889.4198293404206,1154.1349553431942,54208,55135.000025231755,15078.807835408108,27790,26628.96045150695,6212.648891528411,235341,233558.47973079197,4123.0565101090415,0,87.2063992678959,87.16741295060113,40932,43765.88500089584,10056.521609552376,0,389.22643259722827,386.34066712137894,9020,9961.967090063166,2501.585500010079
13.jpg,800,566,452800,126212,132570.28854506343,0.9126220066707199,72279,71618.3608925477,16439.443693743833,0,40.32606072195995,40.31795706986254,70183,75976.27036848967,11766.971505201489,5575,5479.08444054605,1554.371875394246,0,718.6813835563953,704.0617639470818,5177,5187.964392356017,1878.9352879155635,0,240.45584834451074,240.01404683341286,0,37.06224954994104,37.05147016996807,23157,21931.135230900014,7165.876631930043,0,141.70595176593088,141.15334982880844,254309,248611.35295216946,7023.399253997279,0,80.85598353491878,80.80717842032976,1028,5335.996841454304,4223.794565071649,2936,2923.352188350844,990.5485899011991,18156,14477.397605492864,4792.403985046705
130.jpg,800,526,420800,229771,229611.3648831775,0.8877835766415151,82115,83491.72448020575,26914.019271766643,47993,47677.0057773203,4423.163915609763,13595,15631.732496347435,4752.470590869453,0,107.65404886386932,107.51107139092878,4056,4664.29510487617,1211.683094719275,11817,11316.882745691706,2672.9813613021815,0,37.788635958202576,37.77874400042801,5066,4731.96498171316,1381.1611279561066,19864,19541.4655649638,2783.6090049323566,16643,14799.858574403836,4340.706815935705,108914,107696.91156967505,4180.055337559864,0,45.55091796157285,45.54055804031996,78550,78849.04321692872,6558.112153401106,0,167.70283420452688,159.80853133453525,32187,32040.419983944204,4211.857501078714
131.jpg,800,703,562400,454974,451309.65880268713,0.9181208116296218,95013,98713.3623450838,27806.680086960114,0,35.504886423357675,35.50190760444214,64,745.2062965643017,619.7323625177553,0,227.33680792024825,226.83809128821926,48970,50629.64071986477,8807.891765406455,2475,2352.1381561400212,508.5124406019289,0,54.74145404497358,54.638559577174924,25018,24374.269660850045,3916.4385128881468,0,85.04344843326726,85.02476624527333,0,92.10040657169156,92.0426522072545,12413,12376.979585292827,2934.8908089375936,0,165.55242077750336,165.48409057531762,301285,296105.17326008325,15282.930655213999,0,83.61037243506144,83.59450089359908,77162,76359.34091257867,3500.423932704819
132.jpg,687,800,549600,333071,327439.68980717397,0.8805601310261744,82249,89446.76389745582,35934.67002292774,0,29.474141793605668,29.470241374658045,162682,159439.8235372118,19823.928273674683,1165,1617.3993760164412,965.8523873900835,48265,47386.206644279984,6002.549752505558,8059,6428.2314298171705,1946.8592157006774,0,1056.5914433012058,1016.6625259401404,15531,15980.929301313105,3039.7341046128363,0,68.21264474615236,68.13327547790999,15539,15681.662180905802,2935.886458520889,134280,132713.54681662543,7010.906294859705,0,65.60896518136906,65.58790223534098,77714,75602.39944738834,9745.643604054476,4116,4032.1572597557715,1520.2229030887513,0,50.993435463215064,50.978493127592955
133.jpg,800,583,466400,232027,235714.54756831593,0.8680614751839362,116579,114148.1711438361,26432.145406934866,5869,6251.433038209874,2684.3392040235517,6172,16210.190764245042,10687.98840576861,6802,7174.889934667932,4195.721377269552,0,353.92162774477765,352.59765375417896,0,214.12970056930135,213.83486814101101,15378,10169.170960936839,5653.985215654095,1771,2042.9122751288023,783.3982213150384,107754,101214.89990338443,18125.719044146197,0,1333.6638032437731,1282.2389026657831,117794,116537.27946533651,3121.905881285289,0,124.50208381273842,124.4327514204589,30009,32177.66224209791,8315.138458145992,0,326.944822375026,325.73722069776323,58272,58120.22641189955,2259.641031802678
134.jpg,800,631,504800,290458,287150.68508929625,0.9039924220767362,94493,99805.14492164053,28773.878620303556,11288,11201.779061200521,2232.2098874222706,9848,10807.694105989109,2864.318929039169,0,63.47232808898116,63.43670099251201,3245,3544.108574379792,1345.8073324206541,2017,1823.7774778167732,689.6735467688816,2,259.6839690096185,241.02381025180873,10823,10892.757120702077,2372.390860733542,441,581.1531464021009,395.8983213177291,40679,38885.52237636276,5817.416686901426,119849,117844.1693080275,5755.636046017095,0,59.1054545622701,59.06856106560153,178701,176405.33366991443,10911.599195329833,13035,12679.080870220276,2160.9842846964852,20379,19947.21693464754,3034.3778346757163
135.jpg,669,800,535200,223165,225665.89016090648,0.8701465752255868,96738,95594.55372423473,25971.93133792945,319,22286.44843129308,16449.443702076842,0,451.4009465820818,449.1758833318769,34402,32490.80276627923,7937.367785198239,23370,23516.002805329157,3972.5322380365633,16548,16314.944497981503,1640.0669259018898,0,121.185569178484,121.07008336201682,3322,3663.2170925375776,1607.890208360332,112435,90006.52349056868,23462.601312808598,16,922.4957970563773,893.6406504110843,215297,213939.55844673346,4032.403542430645,0,156.33698401115544,156.2096769841054,32753,33207.43876131263,8988.060399169797,0,110.0453447957334,109.97960446187045,0,2419.0476739807855,2293.046170723161
136.jpg,800,711,568800,398491,395969.9068574994,0.896706608814173,78477,80914.24369111669,27093.78867727541,0,74.80731463817574,74.79000743433492,1884,8252.434092491976,6980.719598114506,16712,16212.90163822054,1905.411535846588,29255,28824.118360301134,5135.825959903239,4947,5044.760341365145,709.9747810899086,0,205.284791608472,204.60121778634434,26416,26198.28626282538,3159.5335503636134,151030,144025.4737870145,21150.8461804203,12478,12284.6808426851,3208.6052278259185,91832,91915.85128067678,2109.4077928810893,0,119.16988284145737,119.12623320664244,94987,94401.45757061281,8895.846545703522,0,138.62151372250082,138.03406969994157,60782,60187.9104591721,4022.6399496393524
137.jpg,800,588,470400,243229,245864.71837573918,0.8529755677781417,84290,83723.76071272668,24411.781370241675,809,1039.8859142684523,612.530441424266,20,405.3469331362867,374.7844964163924,46537,32376.641192104467,16505.541874308256,2135,2095.298957233763,442.56105497857067,0,41.62334129217561,41.60047975813144,0,33.500810436138636,33.49105403594412,0,30.46582797049723,30.460141441038807,0,157.87882314963827,157.15804311310987,26221,41230.00440274794,16868.3458143427,142881,140811.52082314948,9548.766503250705,0,73.14031539588177,73.11379007502573,162360,161745.82210186284,12897.472637172603,5147,6259.309635209538,3724.20223946233,0,375.80012093146433,367.01117313797454
138.jpg,349,800,279200,98061,99327.34865087699,0.8730165398553185,73239,72778.9997964192,20433.450596258048,3375,3422.969119668005,1259.6540133137992,33862,34472.0517127724,4951.540506238,0,572.4381241989868,511.8248872579062,1826,1803.8176142571028,416.691294786825,0,39.10921230378244,39.07497029155931,0,38.01871830507844,37.988256914684094,0,24.711938636428386,24.696788685528986,0,523.3668886053456,504.7137594548362,1000,2684.8222126094624,2069.0005025653654,107900,107093.65045475539,5443.479320054142,0,80.37317864543002,80.3099453984143,55544,53186.940604310555,11780.339941317183,2454,2415.4179584119156,845.7377482837924,0,63.31136815248283,63.28548270212517
139.jpg,800,586,468800,240110,238185.42592690198,0.9181418132074431,82786,85851.5362402698,21369.077959788476,0,20.12830803471843,20.127327038520914,50330,49161.667239546805,9053.421490730307,0,180.57782157952352,180.0465935813589,12126,12265.78618428493,2700.4142427925913,0,31.172282169779464,31.168193182859937,0,58.111583809184594,58.0777041029754,2467,2702.6858740569205,1492.3044267674202,0,52.31023584710783,52.29039079957978,26713,24947.543088048027,8573.140073688706,145904,144763.03982256263,2657.9618445333103,0,39.11419898065833,39.10935485444101,148473,148011.37865807934,6667.477176476627,0,117.62700278841294,116.96054422331774,1,597.3234496764871,565.7194128662003
14.jpg,800,546,436800,263937,261769.95021948277,0.9355662435329359,61182,64886.59183037419,17435.790780289593,6762,6542.161203524343,1257.5087153768438,19266,19000.401364723875,2367.0018170986596,3035,3078.3183541966537,1178.620564501994,0,33.067305090882655,33.06400400344072,0,23.50086063054823,23.499191453187894,0,24.941834478355304,24.936832457029354,2291,2320.345873722512,913.0853927595828,3840,3774.528546047968,634.7217762890515,0,22.81747441164771,22.815403796211527,111681,110143.45359579782,4736.711532669176,0,41.04050030754297,41.03528211222466,165079,164163.82805252043,7224.060189938996,0,35.958962340593644,35.95501480720549,63664,62709.03988748743,2558.7354082494403
140.jpg,800,620,496000,265806,264325.72663101926,0.9498734039002128,38084,40719.0855478577,15132.126139017557,0,26.646963116410916,26.645268922863124,30252,30101.761532392615,2757.715574762567,0,32.58016544651582,32.575011397650584,109,125.42211607286299,86.91014412471978,0,29.83754544847534,29.835278344823315,22560,21878.98155911357,1837.752579800619,1628,1708.4355521166417,607.5217340626028,0,28.890464587295355,28.8882869370971,38439,38286.48841496445,3724.41832059176,192110,190955.18689261292,3758.380850223421,0,56.162230894185996,56.15036081982448,172818,171990.903890647,5946.292651815391,0,35.02914879967102,35.02595583685918,0,24.587047419561713,24.58507980647024
141.jpg,800,425,340000,175860,175632.8626159301,0.875968453577862,38498,39777.796171571434,15809.402488901062,0,20.6118829049301,20.60985282154894,83925,80553.75663995341,10999.688509259586,0,9269.892774776925,6810.277590893257,713,907.4199048345781,473.6852193133588,0,99.38541991394231,99.25019387734955,0,56.81219142031114,56.78526963778893,53160,52253.99249993979,4918.895440755418,0,66.0589875591304,66.01143751679479,29413,18196.927913539224,8444.850944501173,125642,124589.34413438587,2304.36074406029,0,104.90363064829944,104.72607668539544,0,2161.740250392133,1840.2399401496032,0,179.91409242945338,178.64978226352315,8649,11761.446427617957,5344.23075660332
142.jpg,800,592,473600,212751,211563.5544125685,0.9597136306081194,39656,42541.18031432437,12002.857289427033,5186,5316.26150591869,1337.9459279738887,0,29.620074290618504,29.617019332822032,0,19.969854491906517,19.968771126756657,0,22.443468859168206,22.442274675474156,0,32.65921231517768,32.656428574112255,0,16.502360878361287,16.501735986090317,2529,2521.454526699542,658.141320775062,0,29.58405443985066,29.58194548136962,0,21.276512055223066,21.275060107667926,221193,219495.2622533431,4183.153626312203,0,41.91966956782562,41.913814051483214,97584,96867.67808066763,4321.3004316821525,0,138.8937639948781,138.73757096045088,107452,106505.29132838968,3170.2550761984185
143.jpg,800,590,472000,165623,165652.8757242263,0.9167185931587749,86133,87325.01530995744,23751.12217712657,24039,24635.248159570023,10310.176428272933,69538,68640.3587928177,5063.2036136742745,0,28.07103760389691,28.067349259304862,0,72.48525802784752,72.43653415439574,0,28.755912428561714,28.753847020708573,0,38.367261454262916,38.36057761359718,19321,19175.390818061678,3653.562765672026,0,46.51498812018872,46.50318812961721,0,23.18353441707768,23.18156274981132,220244,219022.11285782116,4724.105253206454,0,24.996285809686015,24.994794046812046,0,71.5197410831388,71.5071708557891,0,27.014171828435792,27.01249074010581,52725,52840.96976300381,4709.304584136769
144.jpg,493,800,394400,274552,273000.573105186,0.8817461813525362,108885,109540.7687253266,25214.099923971837,0,24.312448348522594,24.310560784364043,19665,19091.528376293405,5201.612480298813,6045,7049.125786789986,2213.858844057063,0,44.34986960490278,44.28996132104769,0,27.94746199597921,27.944511284492556,0,107.12327853116585,106.8399086229058,18,129.92651481540906,111.38242124595124,0,124.96238495041325,124.80484430284451,51766,46302.64661678112,11707.962755423892,10963,11858.657223137807,3674.220457639093,0,104.48465951218532,104.44925952882856,197058,199795.3395680648,16146.722437780481,0,98.16441606322041,98.13086938179144,0,100.66172343488506,100.56799940739867
145.jpg,800,598,478400,244109,247779.5508208693,0.9185501816452023,77731,75404.84800179009,22246.7986463485,0,30.617481311695883,30.61134815882186,1,3796.837157676455,3150.4943051452574,0,199.04484967431017,198.56984751969307,0,44.79318814690123,44.701845052771844,395,479.2070123322328,277.3281933826949,0,89.85958027957986,89.52942179277639,748,862.3008836353092,445.4846998078406,80,775.3707820394393,655.4950015810023,45959,43499.56235601523,8898.469826350512,156560,155215.601638443,4164.504613857868,0,113.12939645092047,112.97852043635731,194084,194024.5796994213,12428.352397030878,95,1022.376624985227,831.4597410750708,2747,2841.871808900669,1120.3623740801718
146.jpg,800,631,504800,321964,319478.59372522775,0.9472004090838736,50599,53871.053282207504,16396.33284991398,0,35.15847673525059,35.15565505247262,16540,16389.698678104403,1105.8483983550047,0,38.887086576551155,38.880485789994886,17634,17129.480475027456,2794.544337549751,1042,1041.087980204909,276.30359662351964,33928,33176.91474425683,3969.134962258528,3780,3756.9179166935883,1017.7303757251616,5168,5043.625536690968,441.95505437039594,3618,3585.995685827759,576.7741324705574,132237,131450.3584590971,3298.524085979064,0,60.69821929935824,60.68770931955227,211080,210343.7976322968,4826.524447425558,0,48.07927648787154,48.072805734264456,29174,28828.252017026018,1902.5601365437433
147.jpg,800,658,526400,115606,116135.33013498095,0.9321593507786924,63107,65005.439716209556,18623.197746072678,720,687.856290140393,406.3738256347255,0,141.3945346584769,141.0903389996825,11458,12070.88506980478,3803.384410416345,0,195.5873445160687,193.8489628283699,0,53.942907260729044,53.933870889320225,0,68.3858706468709,68.35303265585954,0,51.32771443845559,51.31054109357337,8099,9006.168399366885,2834.3208801621995,16169,15748.70815950628,3956.637297973609,347687,345259.2426540557,4130.588433621062,0,102.36155627690641,102.30722969931831,0,3122.666382207706,2995.9347132251282,58757,55362.87810618445,9715.537208972632,20403,19523.1677999729,3215.8881834701615
148.jpg,800,580,464000,268257,266276.3845897532,0.9551885549668865,26809,30360.626899324976,12101.036579093354,0,25.842557004800256,25.84107827700237,26672,26266.001564597183,4167.336866926787,29822,29230.161278323496,2290.7673032232406,6759,6390.398559593419,1880.4214296071789,0,37.51040194575944,37.507049580565635,0,20.655824045103145,20.654406113747015,1305,1341.9939854398663,309.25459639599285,0,24.70307349138784,24.701418489019122,0,16.01854443238517,16.017728093275927,168934,167362.99491347498,2695.8167744453704,0,52.730166728510085,52.721466268071296,203699,202805.71347700804,4731.247979058713,0,43.915227319426776,43.90908033842574,0,20.739929823812417,20.73890998410693
149.jpg,800,558,446400,217101,215524.72013815772,0.9187742374546652,30404,32826.63987131689,10915.426217181524,0,25.77964771058032,25.778058348781293,18408,17997.24842231464,10580.535467162947,0,5197.99818780496,4590.425130218306,0,44.84791803520784,44.8352747420015,0,35.382710016478086,35.37226934090694,3486,2951.283453942844,1717.7273761101312,0,29.00726293669686,29.003994714056812,0,60.35729130603977,60.33132447235667,24071,20103.917834696374,8241.841416196858,198895,198048.65081959817,3346.1933750701237,0,77.211667138763,77.18935580331568,159953,159373.28565244982,4776.662393011222,0,34.69173668370786,34.687186943279116,11183,9593.708353121643,2383.972571143195
15.jpg,800,642,513600,306624,301610.39675021125,0.9053701203009491,76915,82405.61268073486,29089.066713555785,0,22.61120136484169,22.609755627423226,47600,45778.06995768394,12680.07455992889,0,65.32833975858011,65.29746269235241,376,512.711330187878,302.51534314474793,0,31.981224738713536,31.97854444411659,3587,3831.865843650945,1125.4589397405484,2128,2195.546434698991,852.8090646979767,0,159.75826036607214,159.24791230769688,36442,34924.39811187962,7951.563075716004,130061,129583.98945635199,3001.3778984007836,0,55.692249172672746,55.68232108571051,202964,201688.4760622241,8512.835555167796,0,45.74096148114768,45.73600955531584,13527,12298.216773003887,2663.997227148748
150.jpg,800,572,457600,255215,253883.2611308747,0.9422280616384859,63720,66551.85376827739,15886.518920454868,5991,5892.141899354687,605.179693716813,34409,34188.04645421925,4488.203139405844,0,34.437130825363056,34.431214400384704,0,33.608039209026174,33.6041473044163,0,26.75529102673272,26.753394255005958,15506,15550.280285489695,1605.1091982124992,980,944.6900499929516,378.52389441645,0,30.29783263014542,30.295101180914283,45625,44985.45100161978,3627.6438107272525,138665,137164.88047878715,3949.892733628468,0,38.25908842642275,38.25342151042044,152704,152097.68819274247,5686.858723996164,0,36.18405116889517,36.180544233953356,0,25.42181416924359,25.41700109354789
151.jpg,800,586,468800,72668,76869.11841038671,0.9398421969569889,72353,70501.1662013808,16263.061990332902,6509,6794.720400350359,1925.2020090178023,43929,43372.756476259485,6977.904918046911,0,125.35762593872096,124.62562801155529,3048,3916.4246244051974,1757.9587985900635,0,139.1778336334246,135.96847180934992,0,263.21781850635307,257.7037187274704,11466,11250.373555058091,3064.1103264504886,262,1849.1636878918289,1594.3665253602937,0,214.76326325394803,212.6935434301107,323779,321429.7145782184,4406.305927599078,0,106.87840144319489,106.6660132252524,0,1282.3561097759157,1272.9133762126826,7454,7425.858013693938,2122.5347139766955,0,128.07060017625918,124.90553113986994
152.jpg,800,634,507200,155814,155094.73441274322,0.9291786154943051,100803,103409.99610485949,22878.621859960112,6555,7680.920121374307,2753.5988358238,52513,50557.28644107374,7039.785122437092,0,240.16138873458294,237.98223357419113,0,35.244334357565094,35.23946195842797,0,32.01167244847875,32.00927837886574,0,53.06523521559393,53.04536476619701,9609,9781.206220629587,2972.4542796299675,0,61.673928498390524,61.650953464788365,0,64.99836610127204,64.93594449698963,250583,248695.25705238688,5855.789235227707,0,33.33122464702865,33.32767601167754,35425,34936.93697652354,2411.2080569115287,0,43.56032144377605,43.5496412729199,51712,51574.33818169538,4917.687120861848
153.jpg,800,637,509600,202292,200107.32330424892,0.906335539769855,100003,104431.72416207845,28614.369883255084,23059,22598.13157024243,4391.665122104442,24998,25343.30286942356,6075.221242646641,0,40.368736016755065,40.35399355010874,2971,3044.007925982045,1118.4447964733126,0,28.584910745235902,28.58299509121253,4103,4620.057070458492,1772.9808859370248,7735,7871.850295325017,2256.3513810422173,0,35.83970311504527,35.83675865769443,16417,16146.208367987992,1889.3917677593533,207305,205060.94773189753,6406.41240786733,0,27.4642105211733,27.4623279158864,96719,94817.16775134481,9789.258169715495,0,62.89762820485703,62.77697314038387,26290,25471.442264881534,2834.590731981471
154.jpg,800,630,504000,148121,148191.2443454773,0.9543535389764796,77415,79419.12954964381,13716.829312639136,19876,19232.218358482307,2958.801804331206,0,504.49818065156796,486.7470482471555,39077,38266.781199007695,3214.2634013866937,0,220.3367406097459,216.50194442569853,0,60.67325405463998,60.65381290227594,121,220.17708791814403,195.0304093229978,1078,1163.1976477389871,611.9885308805444,0,68.56505220734653,68.30873961641659,0,80.69124686906434,80.48501566677768,278464,276389.6219896855,4064.1333545715015,0,63.28246080547615,63.25815495781747,84370,84399.71524568723,5357.6293988230445,0,178.2979763530384,178.08372408380814,3599,3732.809895092045,1597.8345160067756
155.jpg,800,578,462400,100647,103065.51575146416,0.9406729863698765,51097,49645.446662522576,14545.46522755356,1607,1764.4323351899402,645.2002804976809,16893,15282.055069285238,6510.746353476177,0,971.9793956176063,919.9602115516368,6151,6622.526338501044,2473.751547650436,0,46.00102419293944,45.98845630480111,0,190.56253392738654,189.65694471732579,1084,1566.1732033169628,764.5523844535849,0,148.69669226678707,147.74344110815153,2120,4678.283543026389,3261.09391910075,310656,309689.03138365684,3241.650910053137,0,49.11388904745763,49.08303078191114,0,110.17268179535313,110.05492235289105,0,139.66060468140859,138.90637387425198,72792,71495.85844061567,4413.552199525739
156.jpg,800,463,370400,91790,94451.18439754432,0.9054185232834702,60680,58922.77779248326,17467.416856246724,10350,9809.048991858685,2222.345587208405,22623,26217.607982762755,9815.500146189755,0,68.35883556473891,68.25712139920252,0,113.55300809657274,112.56214066959447,0,24.01405792443893,24.01154666886805,0,56.68655580151608,56.58160800534685,1926,2051.764071921116,737.8905280331905,2902,3723.9899918302253,1580.7014984739585,32779,32600.95989829347,5265.055754209983,217930,217026.03198405774,2483.6263947858524,0,25.38282912809882,25.379601672729954,0,74.87532072069735,74.83284643028742,6895,6672.55149741358,1768.0453807620688,14315,13012.391356228374,4751.15251669566
157.jpg,800,636,508800,213392,214340.19658778378,0.9226318921748572,72441,72858.02145526742,20744.41820530927,8817,8748.419030805177,1754.0170526714387,0,123.92838161248801,123.83993087994406,59545,58560.28549704517,8124.795220074263,56288,56311.95857372639,5264.463898946047,145,299.83298524262045,199.07082590536402,0,55.91365131420025,55.903373293801835,15752,15612.39888432464,2453.176848047104,0,62.66173874912238,62.63471422203072,62599,62315.20243745026,6388.766712677447,222967,221601.77890378496,4513.977564487094,0,143.71548722271655,143.07892337407958,6684,6549.352661409845,1905.0009953396564,3562,5490.677198987709,3164.514073676849,0,65.85005989349884,65.83584153606849
158.jpg,800,529,423200,172080,170842.5828167398,0.9175513537233037,53688,56212.019787094556,16957.044858839512,5655,5392.847199594733,1213.8226681230008,0,30.17745410911084,30.174426880403704,15571,19331.576440565525,6831.76499468457,55803,55213.46041609632,4584.721682990265,0,24.67567863131444,24.67347785780316,0,23.435692043573,23.43366806305467,0,29.099093506416466,29.095709376025493,0,39.81726475247706,39.81046211666848,68982,63382.77311761245,8489.429835138606,197432,196145.39759087237,3883.502086097942,0,36.63167421925573,36.62692271724456,21962,23096.186512932793,4382.190549271073,4107,4208.88839998446,1332.6274302250868,0,33.01387269130828,33.00958948448624
159.jpg,800,538,430400,82285,85488.90778443191,0.9415454992754766,35956,34238.61977193933,11564.679256908206,3203,3392.3933107974553,1207.8427944765758,2410,5033.173877924595,2691.684625913496,13453,8003.926478664764,4253.290051034063,0,33.13054423725407,33.12306006645336,0,104.92448565680752,97.7253705778718,0,52.91988411644343,52.89507107204855,2287,2415.39901757348,919.3435850711163,0,46.931814382052835,46.90248079011557,0,6682.8407698508545,4069.6672104431927,312159,310672.48117623106,3057.933604809281,0,38.449825561983744,38.440614463649574,0,52.79391320994546,52.78135797451787,0,70.44215943750169,70.28869868197073,60932,59561.58170301875,4059.191543903536
16.jpg,800,519,415200,231704,228220.0852194939,0.8932124669738616,48247,53228.66352150364,20988.305489359424,13429,13168.661977354759,3140.966694930561,74614,68072.9251854315,9220.273239795362,14373,14100.541617179248,2774.481716854875,2028,2114.0384694534405,727.5431651271384,0,87.52936569485519,87.23534177942106,7,5853.982709268095,4622.996209186197,5844,5743.398431699885,1398.5627143409924,8213,6711.769690436977,2325.0886047018143,0,336.6514563518904,317.6388993602722,135249,133751.2540594738,5515.128176059189,0,97.42090702678252,96.80532206403645,113196,110710.71541156954,10249.223267679285,0,717.926594028806,632.0429713795372,0,504.5234039980296,461.03034469967145
160.jpg,800,694,555200,150621,151011.4800251546,0.9471211314681242,44015,45264.67169601954,16466.036272052792,0,42.39915259226473,42.39480129411247,96463,94439.80124415434,7217.076843209702,0,342.0295336002346,337.7339993285334,30095,31535.351430523948,5814.13936432593,0,76.16244817635015,76.14895008808642,0,61.62840423192392,61.56597026985864,21996,20689.828577209755,3516.5820682325025,0,39.639974057965446,39.60092337443287,0,43.84836923195144,43.82454491558258,360564,358923.8571921212,5016.305369638982,0,47.954944293554945,47.94921971153034,0,381.8230464487242,381.46941431848563,0,31.239128567634907,31.234637408158335,2067,3279.773772065837,2071.921761002114
161.jpg,800,629,503200,211843,212331.63289926082,0.9423854639818847,107942,108330.18628190787,18288.742501552777,11431,11379.064487614458,2970.0929302649934,0,51.324545175084495,51.293500729809764,0,58.18934535244807,57.882186333475865,0,34.78815494786613,34.7807789175475,0,25.27817986460741,25.276303525906332,1928,2044.0302221328157,707.539205982638,1422,1775.8678188187732,799.6923357354457,6293,6635.593937705602,2176.1469914220283,2927,2984.319110781149,820.7127078592019,183415,182538.1744083457,3509.8652319766597,0,44.333948888914165,44.326689344803476,122944,122319.89102058145,5751.255493285051,0,101.71138698116556,100.90282418123284,64898,64877.24074041643,4619.494423561246
162.jpg,800,608,486400,246526,243701.9028765421,0.9287988970310451,68012,72398.26537131055,20846.173705406796,21113,20810.188742953673,1825.8412924067181,0,27.496281752724826,27.49246110932672,13010,12565.658650545043,1833.4566552756187,3934,3910.2647995438056,1305.262188043802,0,22.524277295405682,22.52281503681061,6595,6407.468074865659,1441.4262658785738,0,17.425049548941388,17.4240432357926,1913,1896.4975742076058,455.081653303952,58528,57901.92136228232,3789.279127836473,171862,170299.83937531133,4564.476129501373,0,36.3949633668999,36.39050642163741,115271,114466.66958589392,8344.79375384814,0,50.8373269914573,50.82853647823747,26162,25588.556187294635,2579.4508898852455
163.jpg,800,542,433600,130018,129875.39757397713,0.9332755226828845,61552,63234.42172089865,17064.533713338773,0,30.236180753479857,30.233527981273976,86871,85075.22835768563,10505.133552409676,0,997.1531677949733,987.37543601276,38023,36863.23937987207,4229.359536023403,0,67.49422386772403,67.46979948679879,858,1700.5481888069007,1174.0052269096539,1902,2026.4684302499354,504.9884552682107,0,79.16198091862498,79.07069087786675,0,334.16718563200266,332.77015441093863,242030,240490.1845807708,3821.379889304078,0,51.52436065072834,51.49613073218026,0,280.53511544789217,280.2991418423953,2364,2276.6306428902717,1063.566109807386,0,93.01035940690417,92.54203916601229
164.jpg,800,644,515200,259950,260252.2713606142,0.9233453772008211,80195,81876.99306271147,23219.575225597382,5112,5484.261854008185,1378.8487061281633,28827,29120.513459355247,5233.673142150623,0,128.40637665213944,125.25873318863023,0,39.93427073277053,39.879392316461676,0,27.6066585452063,27.604624981191197,0,47.302532414190864,47.11138666046273,1462,1638.0060045086711,822.0658391813599,34,329.9007174413855,283.77707841613716,58817,56783.55748450027,8259.715462905351,175055,173070.7262930809,5643.563613848782,0,62.25210605839493,62.2314315493229,157959,158904.74126684913,8067.103354328513,0,38.43969905704216,38.43263123980859,7739,7647.348930491559,1046.5633611454496
165.jpg,800,545,436000,109199,106746.40847097072,0.9324800545725664,48541,52404.13419815243,16710.58598387755,13693,12810.698941497985,3905.8967001022434,21533,20369.221321690682,5729.501733035908,0,251.3408896283836,249.4323414387689,4138,4537.081113491713,1562.9696487928727,0,34.04058357746044,34.037434281765705,3380,3046.1989090904463,787.6657285485066,2150,2005.6038511351726,741.8016046462769,0,51.93242054548682,51.86079263421266,0,55.89490281513645,55.84719089658931,278260,276849.44628961233,3215.9897615833906,0,37.27988489708878,37.27136115118734,25058,24745.628663810134,2109.7960605827448,0,70.94757310060959,70.86918958149924,39247,38730.53941569034,4246.515644198438
166.jpg,800,623,498400,282487,280988.5175497482,0.9472174496262858,54697,57460.26821499667,16120.114255031252,0,29.544322682264465,29.54243708629387,31992,31154.455207973268,3480.2959190977263,0,40.942138061009246,40.93057462625836,0,32.82479988771411,32.82214608211886,0,31.930329851449642,31.92766450612465,4134,4118.519691961499,1086.369174455407,898,871.303215256723,262.53419429428055,0,27.72535604236691,27.723650851641253,49993,49552.82852507253,3506.279520058792,161216,159951.21391017406,3977.6410424690725,0,51.268875094525356,51.25996569349162,185904,185608.9616595599,6554.678369446967,0,35.66014332976556,35.65724145985249,9566,9432.553284975078,1053.6294126423322
167.jpg,800,607,485600,125884,124921.50517792461,0.9074773441690528,101178,104458.42794768131,25905.59256200828,0,30.414333397548035,30.40568699384238,62751,60011.69737061668,15782.869155967732,0,407.24282271527227,400.01073088258454,7014,7278.7479803298265,2463.627812695371,4775,4451.3513996948595,1583.8848628703463,0,195.3467087177669,194.65027820578854,4475,4399.033120569302,1813.2231029509844,121,465.33804128336124,401.68781718500486,19377,20551.783602542135,4734.826442810961,258538,256220.082683341,3595.898521799246,0,44.71906853474138,44.68024713624678,20897,21090.74654169964,1971.1714603971086,6474,5958.670944571179,1753.4419734315943,0,36.413243252329266,36.39417823463458
168.jpg,800,617,493600,105060,103040.85104506832,0.9535602729765146,50005,53968.058331885455,13864.740087805418,12804,12576.351226491694,1799.6836686899483,20703,19661.227733347947,2196.992338480313,0,88.17644926708454,87.93202404213521,0,35.953758337585896,35.943952286306484,0,37.83148148180044,37.828298465070716,0,35.38406618208319,35.378152433305786,2306,2304.485611143122,874.1250584942263,0,30.321020194178345,30.31839151859757,0,30.538936734739764,30.532760759824455,338535,336591.0965273089,6163.359619710922,0,36.49039045579775,36.48760936424141,0,166.87251016214577,166.80280829883108,0,27.045798622857546,27.0439018162757,69247,68010.17206264735,6114.158436445532
169.jpg,800,522,417600,131163,131416.88504646072,0.9254244619352436,100232,100103.53646063361,18790.13403225833,4516,4931.013431866682,1537.146157173321,26109,28340.41427499327,6625.668354460222,0,16.81556639766768,16.81309455145443,306,396.37580764056474,160.8147428946236,0,26.55014569388004,26.547557001434978,0,36.06383491091401,36.051918654276086,31968,31526.347286008287,3646.5848470943542,0,29.43536436200884,29.40634694388904,0,28.55995894793068,28.55250533126731,186205,186079.5796292457,5141.716873726466,0,26.84642807261116,26.8375669347692,0,53.24853198776691,53.208004700693635,0,26.073300877109432,26.065847724807174,68264,65979.14111470198,6868.704558775784
17.jpg,800,561,448800,210365,209125.03937485442,0.9504558588545803,84070,86896.1819488184,14147.267009015166,10658,10446.413524932264,617.765321434898,10929,10828.350458449364,1058.5741240981042,8718,8716.217606356418,935.3788397172084,285,333.733788132944,141.5686087365845,0,23.25699148731337,23.255127450903647,2627,2624.4836277476716,464.6664360621555,4983,5004.383316084985,1343.669693855665,0,20.152156180581187,20.15080098666735,9719,9573.70248434826,1002.2749374929143,154365,152778.7798669498,3315.9811619386087,0,35.630578765209066,35.62605895543889,125602,124814.86008654555,3851.116810643619,3801,3794.4837771091425,529.5752118962869,33043,32909.37097871466,2847.701636413022
170.jpg,800,489,391200,88781,85927.0205448481,0.9405292397379449,39739,44021.7457574322,14831.68471410334,2740,2758.997963871856,653.1477904097089,22299,19971.83386700286,3937.80630265869,0,17.976453418268648,17.973821057603097,19718,19940.103478380333,3023.8274226213084,0,32.91097012434875,32.90734880799842,0,16.588784458446753,16.58786321354235,7390,7115.156830404472,1243.5727536625136,0,28.564047157218738,28.560846817777193,0,28.012740996864522,27.877047792904783,262680,261251.23571824818,4338.763161537006,0,25.079526011400958,25.077774687441448,0,155.72612501060576,155.65078360978856,0,24.196784856849263,24.19308997660351,36634,35811.872973154605,3590.8164169388924
171.jpg,800,631,504800,282853,279094.56280137796,0.8997519481379285,61501,67403.80100416929,27434.025148484077,0,24.946804710443757,24.94491285136101,78503,75214.70168115152,11717.775423803461,9210,8198.705425939197,2673.158094055101,2212,2412.9750288816795,949.0775568408906,6862,6604.734834834914,872.9732496353379,0,44.39331516189486,44.36466792219669,0,31.928445459773684,31.920605729205093,0,38.4446015873491,38.439357105799225,47805,46661.999415579616,4692.494989148264,160446,158301.63698007108,7233.259075263198,0,41.863002305168266,41.85708674096331,136917,135757.83147108168,10606.272673929549,24,434.8867657492774,377.67711227157423,1320,3627.1520089355035,2191.7562966954006
172.jpg,800,642,513600,90317,89885.2256158478,0.9462369526331995,55396,57409.497764966625,16865.854523044625,2688,3567.9980471968793,1655.8185024144775,69125,66892.12506258486,10696.481003459761,0,49.541556887437764,49.516940651965314,0,27.023677572837187,27.020158442998046,0,47.848223254971344,47.84265789478175,0,33.157034890820796,33.15397871196104,1953,2011.4443398710255,865.8527953143345,0,38.35303361990918,38.348834016472736,0,19.81637783075348,19.81510155180309,367887,366305.26863624895,3722.2361701929303,0,38.68724723584455,38.678924994531336,0,169.17790809689905,169.10712554731708,0,61.643788521341776,60.70661518463539,16551,16928.409318284263,3581.665735212837
173.jpg,800,593,474400,122110,125857.01752011404,0.9023304749451716,86440,83993.31881892464,25334.104883629345,4058,4202.971305241845,938.9983837985558,17264,15266.858316442758,5085.513406455046,0,294.2693247872703,288.8472651051155,0,157.28475283288572,156.6941272060105,0,77.67393672708113,77.58778479018171,2508,5338.143634983193,3445.9212807636313,0,73.37065386220456,73.24266517881529,0,60.03754875405866,60.005067500764085,28761,26379.833157624347,6128.546695393638,265850,264549.66670172336,6911.296301969752,0,108.93610390261347,108.8295972071665,69519,73462.98572256505,14099.62038235112,0,64.78899120517235,64.76756459318133,0,369.8640711855114,364.622459745343
174.jpg,800,608,486400,257768,257246.14609947545,0.9234455143481395,67608,68835.69059028903,23014.577750211156,11892,11486.328504503772,2212.4440432513,9382,9449.829212133292,1751.8875409427942,0,41.492194129499694,41.48242624633366,0,39.328888106469094,39.27291273493953,0,31.134707517973766,31.132301123456667,0,61.003758437362194,60.77983672598193,1018,972.4746682067234,300.7877933516221,0,43.11742231788594,43.009621929968986,37779,38731.027244922996,10003.598903652417,161024,160318.16388168978,3208.299938163618,0,41.43972505487545,41.43363931565079,197697,196216.2792367427,9696.488917345318,0,41.96349006782475,41.95910021754797,0,90.72704733401588,88.45727828130727
175.jpg,800,499,399200,107001,108424.05992844838,0.9106535897721987,71912,72354.0736780806,17676.982704102127,7163,7125.288398426368,1930.1430425753738,11512,11945.601093512269,4331.935233162943,0,62.038903137527086,61.959244996979415,0,24.679319821863828,24.676393862050567,0,25.9783717036662,25.976321624481926,87,939.5937798131818,718.9973846496249,0,19.494094748805765,19.491471416397843,0,28.138526508937503,28.135944287484097,19943,20825.724755306495,3863.5157902450806,220287,218421.86029834178,6456.596110968475,0,30.430058707697754,30.426834931704782,41172,40806.71291369858,8721.290401529204,2811,2433.655099273077,1238.2155446783645,24313,24156.724613789884,3625.774079430499
176.jpg,654,800,523200,147179,145954.4405001534,0.9583252910851566,23109,25578.936709437916,11493.101614522557,0,45.72511157715053,45.72075541569332,0,50.27606984033264,50.26366292225984,56452,56192.87990989846,3880.9273376868423,38226,37839.30284952514,4397.736523873601,0,50.4803679036977,50.4732084769438,0,30.72914578464406,30.726212800657564,0,23.933175029887934,23.930973436540143,0,38.2061618622738,38.19905509037979,31035,30464.476086816758,2183.9703313275522,352912,351666.6249574615,5124.637545505003,0,42.5786849791366,42.57277017771423,21466,21120.3041180013,2279.5220860326554,0,29.294931022810488,29.29167297050484,0,26.253887911825586,26.252248762470032
177.jpg,800,622,497600,265751,269261.9334041286,0.8865742289604338,105683,102724.82491614223,28709.465003126676,17656,16947.221401657727,2801.4063158048243,6,2900.3730425533504,2754.2113505061984,36485,36557.82481765952,13393.8736852027,0,460.07936986325876,427.77513206267156,11786,11530.763010438872,1567.474093866897,32,972.0146654364416,885.2511005529489,272,290.27051213891536,172.49139859638063,2451,2479.392856870203,1376.1432247370574,65446,64277.53801946921,12623.193367940217,126166,125613.2428269946,3133.9762321033013,0,115.07454911510831,115.00826684420684,131617,132402.55169603636,10545.41889963393,0,74.88136757608663,74.85754697583411,0,253.94809531356623,249.6327736334528
178.jpg,800,687,549600,206479,208044.51119102808,0.8963792827837658,86695,87357.49218321274,30030.493194881135,23610,23289.89583333613,3567.7548644234334,92423,90444.5896572143,13935.105433685141,0,3414.8536106844003,2820.8866254969184,2296,2362.5448515941534,987.9585459762766,0,58.38544652353539,58.3654394053048,1557,2858.547627561451,1931.8207164226737,9389,9013.372528920463,2249.0862772891905,0,80.53732408722135,80.42804239464492,8411,7608.256674002121,4623.594732116079,256426,254198.00394723564,5475.662739263057,0,79.04968189937244,78.97679543959822,67122,65433.772213880104,8706.265673869486,1671,3066.030610768279,1834.488155763824,0,334.67513055659583,329.0057497562466
179.jpg,800,642,513600,197058,194068.17468680028,0.904344461907769,67149,72386.65110266628,27430.472650670912,3832,3277.8126990852816,1376.2095822584029,72580,69457.63250074528,11503.490929306558,0,70.07501195358236,70.0266369617623,10917,11868.338382878474,4377.742147741914,2702,2708.0368930608506,675.6943214419961,0,59.40088971000296,59.37126628934203,4830,4606.627319163658,1475.4798689354086,0,826.2001991942398,789.1822830068331,13787,14691.624919224738,6059.515550719647,249393,247145.16967821767,4740.087621252578,0,34.655573672140235,34.65032604944921,84524,82542.29051246462,6833.380105071412,1950,1645.2671089444702,525.7170573282274,1936,2280.2126767028576,719.1977528734654
18.jpg,800,664,531200,372829,369745.5725171253,0.8934751430099426,100462,105101.45645072238,31243.67402624894,0,29.847251939620037,29.84538632196598,18829,19045.17364024514,4381.185483733528,7888,9149.434076820075,4302.061813546456,23202,22704.200752053097,2886.8263423763597,301,902.0772660795101,625.4140964463816,0,41.83857830827765,41.83009437358334,835,1055.0478664657012,535.6848631845178,0,72.8359793933414,72.8132362369769,35340,34296.29339965744,9080.91595367148,57909,56352.970556835746,4770.230952220637,0,73.395697194288,73.379627129527,243113,241457.3301900712,11457.978235927238,7105,6686.8694562276105,1060.2101790138736,36216,34231.228362670096,6558.65700273754
180.jpg,800,601,480800,125430,120940.01664192611,0.9221678070436711,36652,42776.871772329236,18653.06264127836,0,30.311061245742167,30.308161172724596,91365,83949.07124371709,14097.920821187628,0,466.69968460435666,460.8446633795524,3268,3409.512254286692,1246.537530427883,1762,1945.7357965944666,796.5747546159535,0,56.87843835936292,55.63400549556304,3087,2844.535444231832,1089.2270525394583,0,43.228811258817586,43.21476713883797,20488,21739.11410943888,8319.67271214092,318718,317083.1157549555,2815.0309543802437,0,40.06133275030879,40.04361682825364,5305,5998.736591564815,2556.269743048513,155,392.13497040503535,307.2739424593162,0,23.996903468671917,23.993836189898392
181.jpg,800,676,540800,364400,360188.4832703527,0.9198260988642257,51086,55583.098937179646,24033.501968376167,0,42.574939404461475,42.569387554977055,12595,12254.146270438216,2666.911310787324,44799,44055.66177158743,3326.0185225308655,0,49.42064727725483,49.410806759760035,0,49.35619209143715,49.34703499671431,0,35.26094030999411,35.25470145292581,2417,2338.6098237157066,781.8190041974533,0,117.33261007664987,117.19377074513272,30578,30226.459871573694,4465.174172764192,125314,125028.42093754036,5331.960314766068,0,118.6910365407748,118.65029692288206,235650,233301.73056001164,11760.503010723522,26364,26115.65566291726,3668.6380061294713,11997,11483.582944408172,2447.445770551337
182.jpg,800,602,481600,129166,131490.8121820232,0.8948431869097475,49310,48743.09423216434,15722.197581890352,6728,6477.157465021584,1535.4523360663952,0,31.40633622489804,31.402942572598494,9496,9693.520895656842,2715.8612125117443,1721,2199.88847167341,1120.8515838047044,0,39.77150552143485,39.76443510708529,0,39.27092571918911,39.26161000916893,730,730.988388002188,385.0033703888945,0,180.30257328821608,178.3235638659724,30323,39957.28581689739,18455.144902310723,303124,301366.0795489024,3028.4831507217837,0,53.08572430379536,53.07662725782108,0,994.7797115551366,985.9772919256989,56851,47834.64429102804,17396.07678914252,23317,23258.710077131127,2482.864387915418
183.jpg,800,599,479200,149336,151838.7455434496,0.9084208776423076,89652,88882.24151550204,21884.353241527228,2731,2818.465880362237,988.369543335798,0,133.21254369987946,133.06907340652486,34981,36826.00989665127,8792.463037326637,63399,63005.63052038702,6569.176028619744,0,67.34840254379378,67.27441733505388,0,57.11191710978528,57.06077261431655,15953,16204.877086451186,3169.5812347514466,0,147.4045279614329,146.44807227815593,26150,25375.849182464022,10341.131994769477,240212,238479.0168502528,4584.085028590543,0,132.5167545408658,132.11772771624166,1,1098.6873065828695,1052.8476156770867,3883,3518.0649989205904,979.8502782504619,2238,2453.566525774657,881.0893449665516
184.jpg,800,564,451200,218311,218308.10922620638,0.9240644183013166,79526,80830.79244241882,20925.86593244217,8440,8283.883199851247,1759.6356631136869,5818,5771.774826393266,2714.3584450024605,0,655.3234690624322,618.4474465406377,0,28.601871590344672,28.598065934921536,0,25.798146550044294,25.795507042778215,0,227.02881768362568,209.21836109569423,0,21.28387546410613,21.282024889673004,0,37.34655939064578,37.33920845965181,58645,58352.02963776047,5512.7314455001115,153363,152061.09310317424,4225.251667266311,0,47.147451093493146,47.13818289279364,114647,114174.47777097698,7731.426195648419,0,44.64160717952109,44.628751277153995,30761,30638.771993210175,3494.3342763887886
185.jpg,800,655,524000,149189,147612.6547527439,0.9571032242798282,53389,55418.525395962424,13100.589185315806,7662,7382.514894716402,1440.6901470167638,47579,47136.39204854163,3125.535085089279,0,36.88949328849776,36.883535859120855,0,33.62737137966542,33.623579342681346,0,41.78256014363342,41.77769180431602,7947,7656.6757625520695,1672.1204284447501,211,235.73196531668236,120.28560239848983,0,28.84018480628947,28.838233722767452,0,64.66918103823264,64.63691467735654,321422,320968.810997848,1502.7097003919412,0,48.72547790322642,48.716679001771226,0,220.606469576358,220.34887921774944,75843,75233.7307425505,8090.2323179143195,9947,9492.468600930679,1505.8845321501994
186.jpg,800,621,496800,248349,247191.60990362696,0.9647040974429768,33261,35234.438490640954,10585.400005552265,33952,33661.276211221615,1958.9829290242053,0,26.941310714952124,26.939763210348982,0,22.494527042927075,22.492922144561884,0,23.780301433605928,23.778998238704432,0,25.80035499559108,25.798501216091793,0,20.41056431587276,20.40957752161851,262,319.71945465093813,125.09431710747795,0,27.705552175220873,27.70366662424729,22174,21988.891260283715,1774.786322832395,215190,214373.9524382936,3192.8782733477638,0,40.05101715072851,40.04608793107808,93065,92453.99347771925,3891.717052125673,5127,5108.826861175887,533.715612633398,93769,93471.71901074664,1853.467245889775
187.jpg,800,536,428800,170781,169085.85262395313,0.9337330900373827,71819,73842.74465380445,17248.586331067658,0,24.036761951974768,24.03495784106324,100372,96988.76429069153,9882.610379012134,0,81.01630656346424,80.88187320679074,797,1060.4299552726025,499.2222005606541,0,46.30362884054557,46.295679161485246,52,679.4448139287051,571.9856409330622,3363,3347.4240877340562,975.0132974879282,0,38.6637559706478,38.6583733747528,0,194.39869364494552,193.58399963400257,186200,185871.40071402496,1501.5878053082445,0,57.5590336786172,57.53574164111632,66197,63764.90387434814,7539.121653672332,0,2694.1603369357563,2594.816265383575,0,108.74708439209462,106.4989702289697
188.jpg,800,499,399200,114062,113473.39990553597,0.9275399491991213,63975,65093.437041414494,18014.848492142166,24034,24074.394619990013,3268.4682367836836,4,64.09930154245012,63.3446478259988,0,29.21906361154106,29.213107217753375,0,32.69094847877204,32.686617409752,0,27.13194389716955,27.09693842797586,0,21.04031159477745,21.0367396588059,8234,7923.118659253156,2886.2508734670932,0,30.72733347574831,30.72456319130444,0,23.124644850042387,23.12147515162573,221163,220633.169475223,3445.291752005298,0,36.08577401816365,36.07939600326593,28779,28826.71501678869,4675.9700026607425,0,35.65753312475317,35.646239315349064,53011,52349.39475491071,6743.027705464145
189.jpg,800,664,531200,128084,131255.1287937685,0.9065743362700499,115676,113893.12666569932,20273.53959963767,6223,6124.056792185531,1552.448755889498,58404,52377.110458314724,14140.640667634301,9807,6803.81538948206,4103.020803122266,4926,4038.566415842568,2015.3778817466523,0,75.61397390706315,75.5508758517533,2208,2565.7530692047694,1599.378184142733,2290,3406.4257852510445,1955.6630955031503,0,73.739279061263,73.65770857189301,0,4533.737511350662,3549.746724848174,287440,286051.7377664437,2797.8748716537675,0,71.3006151819227,71.27115429737569,0,316.0843967079236,315.4681502626788,39513,40285.79062332792,6985.584600466686,4713,10583.134483950977,6349.455881065777
19.jpg,664,800,531200,324770,325798.6847851981,0.938557911181138,103631,103165.80880883343,20968.578390729548,0,20.424333967863276,20.42349303601396,69526,68899.23783647646,7955.798766318046,0,77.33753884018552,77.24542808167948,13350,13529.13843593774,3113.1697672326404,0,41.28926191934261,41.282525354099064,1,972.0531161024992,884.9590918956851,1516,1703.9087021976775,860.8769319007796,0,108.18483608144743,108.05056281472687,0,48.39255732184756,48.38410502992133,102799,102235.5039639781,2973.9547278345303,0,170.7149691923296,170.58623238834673,235311,234917.88631571224,6933.712765044143,5066,5273.215427056781,1554.750945125104,0,36.90145439148182,36.8971684849017
190.jpg,655,800,524000,164492,168985.70109557972,0.9191077874302864,123867,120019.85510889522,24630.53661749119,24293,24097.726299478214,1998.5472711292002,58816,59438.1268525459,10970.840451950904,0,2018.043456106665,1854.247506315417,10752,10736.36016670358,2193.527725265574,0,61.5388955389526,61.51569286187079,0,158.7847158701734,158.38349378672217,14882,14739.0014229346,2495.903648258617,0,438.284700999342,431.33776302736237,0,2921.099202446916,2565.0396292009473,235641,234994.44705634902,7530.277450447562,0,74.952520550587,74.91157198213799,55749,53723.835506500494,4982.602808865748,0,176.20371619111575,175.40980864461017,0,401.74363971314233,399.23206686133557
191.jpg,800,649,519200,119232,118502.36077018463,0.9547422804914196,29941,32344.69255053481,12404.884690659628,921,1093.7655709132086,392.0108111391842,38265,36864.793467403986,6698.165681947516,0,208.07297496010506,207.02897194264173,0,59.013476368887495,58.993757057039375,203,926.3572763600469,716.068548658429,0,227.75547085279322,227.32103342198675,4602,4752.266799286477,1476.5967663364872,0,105.1540513422533,104.83758984481791,0,337.70288583146066,329.859506969323,370027,368352.9418611225,3830.181680063383,0,76.91391305285651,76.88178446549819,0,284.901609333956,283.96548488662484,10273,9315.978092295045,2056.742997624288,64968,64249.685182183595,3876.6087223133345
192.jpg,800,423,338400,134917,134411.9031789321,0.9631056970900396,21287,22203.911492894462,7560.3683348525155,3877,3870.760902245198,637.4754664687351,0,20.90817868281374,20.906368071122813,0,13.963882916392322,13.963193753207381,0,16.55708180323927,16.55612673293477,0,22.34081734975007,22.3391732890354,0,16.487513175185086,16.486554576218516,1660,1653.6327524448361,483.5816427307325,0,23.300236877546922,23.298559672311704,0,15.907616586524455,15.906080866593328,182196,181784.180472536,2788.5754045388426,0,24.473872070881043,24.471757634288508,69480,69258.99303066512,3138.651168325242,0,76.80315659772532,76.74247960816004,59900,59397.774137516935,2098.2642816302805
193.jpg,800,658,526400,272080,269772.0341200087,0.8517123397532568,96247,100085.93916360338,32919.262275960464,61050,58893.94423061014,11805.094831520006,0,15221.739189698357,11957.407805285751,57682,43355.87073265438,16757.857925406766,13610,13459.718393498068,2745.3981998338286,0,71.602760128108,71.5704840240935,2558,2990.144157909952,1915.7931079518467,0,51.31709630570367,51.29407520282386,0,64.60226043776493,64.58944392576517,41613,41236.866105295434,6874.752965049682,158073,156542.0225301836,6460.048650081811,0,72.37373216451851,72.35734307252807,88674,87669.84951831955,10345.836610092649,6893,6457.522791341027,3518.1278774586644,0,226.48315164576525,225.9121545906453
194.jpg,800,601,480800,169985,167797.87959478612,0.9613010654589177,39568,42805.38350850113,11909.744560053612,1758,1840.9835760655442,414.282990590123,84230,83216.27834588401,5444.415754057871,17258,17024.060653373417,900.4321364539519,0,25.26600629391396,25.264075163219605,9348,9054.487319500651,1140.2137133715187,0,28.206410158378276,28.203897123138308,700,729.4730711101583,319.08004129333665,0,62.90525902572881,62.88326603765162,0,27.977414414963278,27.974085266543014,271247,270196.7283696757,2562.345777748622,0,28.254274192264347,28.2521573201706,0,76.11301347386325,76.09808037198567,4544,4324.046773473659,735.6389419809867,52147,51359.82747781959,2362.5063382757116
195.jpg,800,514,411200,141782,143874.65428734128,0.8955178889135037,86040,85113.1123600909,22720.441486949607,51515,50751.44779196847,3368.828233661249,30041,27798.8171475038,9933.276641560378,0,31.871923188758956,31.867057094467267,437,765.0300336818764,450.7121795053685,0,37.53625217737499,37.531519413470505,0,38.3829616310104,38.37321524380489,44568,43690.639826637474,7780.402303115741,0,48.67587709219151,48.649315262628825,0,35.13662092856612,35.12991415482302,183378,182212.23268016204,3803.607524144464,0,39.30625340199549,39.2879019113107,8957,8411.341400051631,2080.4368431169337,0,39.840255283081206,39.82746110376949,6264,12186.62794379511,7349.9386446202225
196.jpg,800,537,429600,234580,231717.65458259877,0.9166250736545251,68890,72723.75394223438,20421.0628442054,3220,3129.0425483228064,555.1312479460378,39643,38784.62721397046,5450.078433268462,5291,5096.108521528353,1327.7873524446445,46371,45525.981098764416,5740.947160695239,4876,4783.341087003384,884.8534607394523,0,29.578862028542062,29.575437984197535,15481,15255.210428103972,2443.2376862818755,0,30.977342968899393,30.97380694182034,42462,42020.8018492666,3014.0667900122426,126130,125158.59429598252,3467.2359738252344,0,31.265471844575586,31.260896543938006,69215,68861.88401564465,3538.8965766607726,4678,4886.9578741184305,1205.7817998620906,3343,3281.8782690336648,710.8147428799499
197.jpg,800,599,479200,170144,172132.75027217972,0.9125771835633555,61290,60047.94500368675,20999.122947554184,207,669.4090897714559,475.98693635588114,71478,70992.9231407756,9396.236636927742,4656,5556.026833997183,2358.6994334874757,37607,35655.48151020125,7181.249523327473,0,46.46755468871925,46.44287764822445,0,44.19934470025328,44.16759270701319,19436,19008.537323039112,4209.386654354561,0,43.088768069430444,43.07933157883191,23802,26587.28211859121,6597.338725210853,247766,247019.30626543186,3175.7552568723067,0,53.48187905472696,53.41813414440304,9245,9151.517350102378,1140.3910451523363,3713,3819.025544892167,1292.0101171526528,0,505.3098142962135,464.74742611982805
198.jpg,732,800,585600,523444,390695.7127454485,0.6811097357521861,57359,57483.72599235295,21157.80175134333,35772,34872.96438050714,2767.0606180204204,36706,35275.96848038376,4510.303855389806,20308,20795.21566880509,3235.2214324484667,30592,29665.517454996265,5483.743029593527,0,618.6440114104898,617.5765828442305,0,209.66316367602485,209.56367822655676,1264,1578.9240040213517,721.7960224455198,0,509.1941198855675,508.51689253710106,6470,16913.17087970049,9159.767699663598,4797,137420.56139638444,81808.16256210151,0,407.7243091238561,407.3110230810622,392332,249213.02101424657,92924.42246382097,0,477.5320412021247,476.992316240862,0,158.17321748986978,158.11517202830572
199.jpg,800,599,479200,112725,121335.58929234506,0.8515530862424131,98176,90844.51724742404,27558.15729205295,0,77.33439958716372,77.31009346539439,38617,38558.55283827084,16093.402000477547,17387,14554.688749356203,8291.274831444403,3641,3929.4387239110583,1306.9001058602853,0,100.19956381033535,100.16990003210847,0,257.4982790677641,256.7523163621281,666,812.9687930328182,437.4055857781223,0,1617.180807717108,1582.8323574344145,37082,31236.33856997302,17563.943862760818,268299,267019.89475458505,3881.5509734897714,0,236.41102350067558,235.98888513219217,0,13696.782330214432,10984.326802118665,15332,15616.849492095953,7908.255923270531,0,641.3457218076765,633.9846532799946
2.jpg,800,470,376000,207198,208552.623006251,0.8732490497630169,92871,92188.03618593702,25461.108360207392,4711,4496.7520516481145,1204.9396778382434,48829,48199.57439908212,10701.797265754532,0,3687.3788870704557,3548.6549957562247,11895,12364.346740383851,3227.0383559339716,1729,2218.8947644075706,853.6153970210398,0,99.83362355361896,99.75710328407037,3581,3875.9152906669824,982.9224385618575,0,174.48273861302368,174.24557907608258,67644,62693.21541267917,8946.062079249183,75931,75259.34139101299,2729.2285958529355,0,96.98515797747132,96.91248182148017,64178,65300.37955060578,6859.069830164775,4622,5088.322612485015,2243.8806793440826,9,256.5417770776912,245.15902697160806
20.jpg,683,800,546400,313729,314892.4285695099,0.9223289238522443,104663,104547.46988626439,24224.334641821748,0,23.772067636326028,23.769392225799976,55992,55722.07552996281,8655.332799113718,19549,20813.68611684504,4481.986919986376,7381,7369.385253731616,1915.2335781156473,861,757.8617359893174,412.2258513830245,0,34.4165940797011,34.41196623456158,0,23.05349924300299,23.050125870492053,0,60.196697394629155,59.739085092980645,27296,26914.819589732622,5801.818486886059,128008,126960.10388412155,3625.8604782921125,0,75.639970190452,75.61221998484518,202007,201858.3341755775,8018.880080938026,643,1210.1997676483152,780.6630854827682,0,28.987571478468453,28.98473936104605
200.jpg,800,571,456800,112582,112165.85945009746,0.9188533279278859,54992,56939.0614816407,21114.062838769074,1633,1630.4123710068343,432.9852948700985,54369,51134.18792716971,9985.404559606988,0,31.21005106303346,31.197707378773767,2628,2943.958675507278,1662.5859742702232,6695,6595.421630972814,1246.0677907962079,0,35.00206058723779,34.99634807689673,6785,6900.539128220446,2303.5648537178395,0,32.90685632786153,32.901763228097195,6036,7152.253968542902,3090.2169389763762,289226,287695.08458543447,3119.912991311655,0,29.557180843597052,29.55245781741883,16725,16626.950835309344,2130.7984617569987,5204,5682.602477138436,2144.4660980086464,12507,13370.856287407903,2283.64827523215
201.jpg,681,800,544800,164957,165345.8995473276,0.9122083455872573,70618,72404.69587825295,17889.209045152315,0,40.987322499360744,40.982444422747065,61369,63654.61768592441,15164.687834461436,0,1774.1108844354058,1732.9988207904803,16456,15653.55680447096,4164.710225156498,0,110.927579950383,110.84439039654958,20952,15794.082820139836,8569.881058910525,23209,23230.14112480962,4871.425160651273,0,267.5505502330707,266.8323861248152,15,2087.9707839905386,1666.7726317620163,309225,307049.40330932237,4068.464385721597,0,104.21858529396741,104.15809882563912,37474,36515.06437909891,2583.929953535947,5482,4764.7025375638605,2180.3294068402524,0,1347.9684889172095,1310.1112479306078
202.jpg,800,579,463200,205915,204941.6469019968,0.9142006230597515,66213,67754.61371103104,20152.79450693778,62266,61395.50448635004,3882.1610506961665,14658,11133.849655784416,5521.179995790382,0,197.47293374328365,196.79271124340463,4550,4530.182467634713,1840.5282275108184,0,38.37235118753415,38.366389765619004,0,171.59094405844007,171.0072810955355,708,842.6388722570318,407.1316261827171,10101,14340.552654610488,5705.637577288377,55533,54610.07869946161,7287.796846181736,191072,190503.73890465742,3088.3733577496964,0,303.2987465181286,298.8182639175513,58099,57101.86536404004,5588.216899864034,0,125.92367218592335,125.74627516527582,0,150.3160541651887,149.700346136225
203.jpg,800,649,519200,153532,160347.45138936472,0.8670692100133087,119672,118628.8669285234,29277.981604404282,25630,24902.42454817357,3988.5640476124813,2506,7227.067013241765,4941.056367765218,27010,29063.932674600263,12190.22541181595,214,657.2286028561466,515.1126207953381,0,56.98966958455412,56.93374754784325,0,251.57819530352208,249.62349030208847,0,119.61526402892923,116.7045153893649,0,539.0004739955475,521.9862517905552,6116,3885.638505280993,2943.7596727230784,245996,240223.68306924956,10275.096542085728,0,83.22273519957344,83.16845051638573,6729,16580.52075402585,9133.268544902361,16280,11328.848467609263,6129.558116986678,69047,65651.38448546475,12768.792365698304
204.jpg,800,537,429600,88830,88339.50017028254,0.9527533554830336,39949,41522.955553110645,11579.643865914286,400,637.7453169973523,391.06590086533294,8388,8692.675117772145,2902.3610693020105,0,48.17790984023304,48.10264445608912,0,19.970387558743823,19.96906942469902,0,32.648202392318126,32.64549303677304,0,21.458334813129113,21.4569022575549,695,1126.7264707315353,589.0357829815414,0,31.12487377659454,31.12226019967422,11563,10755.519306367703,3327.149553657101,300821,299737.54736477596,4039.0468578493083,0,32.52509212866062,32.518302600992975,17970,18186.311634459722,1687.0787895536168,0,36.06682241757517,36.05915937231685,49814,48718.55070102679,3007.6838993111605
205.jpg,800,714,571200,87363,88947.45313196261,0.9169190231248402,98616,98517.86272456708,14416.250753252558,0,91.00639799694363,88.96940447614047,22431,35346.72836534773,15710.358300153983,0,251.03219601509772,250.23549276469384,0,83.5521811488361,83.07517194719557,0,90.39999070705653,90.35052089757869,0,253.24890861404856,252.37563739352035,5039,5443.740822063219,2218.0644979758104,0,52.624634559275364,52.37770938248651,0,39.58315522234079,39.572738962971286,385221,383734.6828406953,7401.904032001572,0,54.33812534045501,54.32853785123815,0,158.35582728138252,158.26213610638462,0,49.03234900789903,49.010361095659796,59893,47033.81017865823,17721.59813322254
206.jpg,800,647,517600,180849,176471.65569964578,0.9359383872990861,38875,45835.83245165353,17605.285875735033,21718,21471.25626804754,1507.6862354029,13274,13100.868892570788,1271.9648359880425,16381,16242.414573986325,1123.9786794057813,10678,10122.75384610922,1807.5616331881015,0,35.718194433230565,35.71504444675401,0,24.830393266513056,24.828776512110032,25278,24294.782854700003,4211.923347085969,0,29.283284048899077,29.281400613673906,0,30.242036711231776,30.231858689231572,297876,295292.51077951014,6464.440414412448,0,40.41212604888642,40.40291100209954,31150,29317.030317219578,4175.953233832277,0,28.334485774481436,28.331907006892667,62370,61733.72842672911,6749.2600331503145
207.jpg,762,800,609600,406760,404707.27933389175,0.8651625501339536,131935,135082.77371631138,44882.71570886158,30613,29493.088143685185,5525.938074552903,29248,31644.348336883104,9510.463940875828,2966,1989.367805747208,1530.2640016757784,52031,53465.949241119524,8865.153764315279,0,80.23602017436588,80.16320323697084,0,361.4537488913538,351.66000376849706,111195,107265.50471923962,11015.653154915013,0,1605.0552189779046,1494.4796131877067,8955,8113.183247684714,4422.480868893686,70905,69809.94667704907,7977.71982738977,0,144.8088936042841,144.69858191272377,149600,147793.87787098243,11940.901548756832,0,1250.6568784877163,1171.4275182598,22152,21499.749208414385,4512.248388515476
208.jpg,661,800,528800,171634,169040.92952430568,0.8894126654166091,55863,61600.71674460407,26823.23978112312,0,44.61655563772001,44.56106585831149,62094,53969.98957458911,10167.53320457389,0,1121.990023765412,1096.875966423154,29081,28088.83242576271,4065.9356777307253,1573,1440.1785279349242,966.1937426570071,0,68.08881323067544,68.05073916348633,5109,5705.861338829898,1074.9179374545315,0,96.21482005026519,95.87907600230322,11918,18457.98010532142,10758.847071943277,301303,298158.3634224303,11390.8760064157,0,92.7229478751924,92.54750400882816,53817,50184.11595683909,9738.296372278877,0,303.90097443136256,290.07603179554667,8042,9466.437460037803,3576.6116582089658
209.jpg,800,524,419200,120024,116764.59709324894,0.9034196563623135,41830,45871.938216670904,18370.941805222046,0,43.73005635852223,43.70606696272036,99492,84385.78626260794,20970.959114714715,2790,8806.795723294963,5775.576794247808,0,101.93570708801053,101.8330753412874,0,64.62335521020486,64.60719470856132,0,79.12345881533838,79.08218036002177,1367,1425.6388772675582,307.3373536142789,0,415.4552744737848,413.0529000631267,0,4270.905215068262,3985.621224142634,257346,256563.46737560624,2292.2603823151153,0,106.79733034367382,106.64689790429479,16375,16761.32931050103,3270.2428890931765,0,257.5866443334453,255.70586569697096,0,44.88987788617669,44.88170954257482
21.jpg,653,800,522400,424822,422544.3062521927,0.9470241437871494,78878,81289.0673547516,18539.52134796868,8524,8538.656216489757,828.5538882065764,30501,30008.316485018368,6109.143599252456,0,57.82899748199998,57.74564344569694,2995,3145.1444331310886,606.1406572685663,0,36.00632022285208,35.95088477644538,10,56.03521568902397,50.014900088446744,0,33.79604123842364,33.7900790211213,0,57.1827721453883,57.08579809723196,0,35.876941893455296,35.83918079840224,18700,18566.62621683388,1547.8083482666382,0,93.14441381920915,92.98070534638055,382792,380396.00285556633,10747.298760141623,0,55.93379412466311,55.91472532025929,0,30.38176537212712,30.29359452136679
210.jpg,800,593,474400,111182,114680.30413121861,0.9080870372726005,115179,112938.05891928205,26945.499394839673,21480,21832.798225305996,3339.34344666223,11899,14389.762493740942,6287.827403564071,0,83.45947665620224,82.18952398201422,8802,10274.364205238677,3554.9143981073576,0,23.37280352115522,23.37116002622508,0,34.73718893442856,34.698048170803986,3877,3801.90318439528,1151.3740396008538,40,359.3074597164141,337.5464483216481,2368,2495.1348459352776,603.6583834418648,248039,246781.6361250604,5160.3486187385315,0,40.84944331989391,40.832568847081646,23212,22466.59077917346,5553.369762723372,0,40.73279180037025,40.716730447466574,39504,38837.29123348057,6653.404983978895
211.jpg,800,602,481600,87117,86560.70587447906,0.9735762651470734,51659,53528.324939120714,8444.999756815443,664,690.418948266517,218.50388000783775,0,25.874608475403875,25.87287422307545,0,22.425785151746823,22.422977222585082,0,25.991226429932794,25.988777241136944,0,28.656718160777018,28.654615852628176,0,20.94106872295015,20.9400492827889,3693,3861.703770839429,1373.3320907817483,0,25.84697461489577,25.845549207085227,0,17.710900889088407,17.70947385526456,342824,341510.97680454917,4043.551674259875,0,28.60480951565114,28.602886553619374,0,71.72956467317272,71.71807302173204,0,26.564581328992062,26.562560376941367,82760,81714.23691741048,3605.013934874315
212.jpg,800,470,376000,172477,169261.2453054296,0.944869651505367,41922,45975.752418181066,12083.969681894825,55187,54523.133591458005,2347.4911920370214,0,29.56996587274807,29.56414441306737,0,27.819522553951174,27.81354823950931,6155,5876.943790504567,1514.0172939879433,18900,18337.41011656118,1894.0259473296214,0,16.39453689547554,16.39368343430337,4653,4427.083589407268,992.202392940311,0,24.52777650561984,24.52582444525092,28811,28024.2804047998,1982.536412251147,161601,160763.0065904793,1989.6876902548295,0,32.47414587307685,32.46998648768229,0,74.3462183037318,74.31928960680735,29821,29526.832427781465,2814.238403393614,28950,28340.42921891265,2707.054380813426
213.jpg,800,646,516800,286849,283996.89695565327,0.9360686887481218,58919,63815.1984684004,18430.67936172594,0,20.960591875298633,20.95964950147488,123432,121807.69146623703,10638.846401794965,16778,16536.79158330313,1287.6796452878384,1511,1450.0322523560517,437.6353250608562,3533,3486.5506584389855,539.9999142592803,427,446.84845241735184,291.82191802291555,6842,6441.209770167371,1359.645832235586,0,27.502816789396093,27.50118066768202,30461,30554.67479551362,3134.9882976868926,171032,168987.90251689625,4057.6831985484428,0,37.407530279240746,37.40187711998885,103100,102157.01091919866,4761.6712722346465,0,36.62735439059179,36.62339843064868,765,993.5887646865522,508.79225955268436
214.jpg,800,570,456000,252897,252171.1620152821,0.9080406140251771,51023,53634.69936802927,18942.1626039942,7918,7895.480341831188,1068.848307937798,26657,22521.696058104084,8176.668354906319,8050,12881.487111174774,7694.550275137737,1353,1186.5074770504652,512.455384293723,0,33.61793424196367,33.61466680946176,0,1594.3365521340966,1375.9560400583637,317,600.9125424267077,369.1941150107468,0,43.76384796957609,43.75651793227503,42197,39708.35901675442,6678.967152705573,152080,150194.14139133383,4242.724660312108,0,40.86877535829444,40.86386041176332,166405,165604.68589384796,7531.313125636747,0,36.33378865900704,36.32955313478072,0,23.112675729571492,23.111353982732197
215.jpg,800,639,511200,214300,218130.75433099316,0.8875263760117624,100859,98238.64367538645,25182.555093249466,22180,21472.13772242422,2567.848807408203,0,10489.04446903388,8533.100676357506,126,3866.595787586726,3202.942129045446,0,101.25622246944113,101.01781037977298,0,104.36369974022637,104.26758633448304,2937,4553.600343225084,2670.6643859772735,1971,1950.868916680487,634.0994129456271,38947,30065.75916839196,13106.325102829476,29572,30562.543781811062,7535.982484813683,196041,194830.6034004452,4278.091512211187,0,116.60270336878966,116.52777472504235,108604,106715.71162934462,7696.123413457338,0,131.00773940984436,130.88396793990978,9963,8001.262147506826,3997.4885162419882
216.jpg,800,613,490400,287605,286329.8415037717,0.9105083754594281,62957,65422.28677644575,20663.053951857924,4867,4797.688471872712,620.3067689889032,24019,17719.159546399667,7857.18040836859,0,47.832832983705885,47.82308139269625,529,922.0733017441489,583.7187535930773,0,35.49900475950108,35.49574752207997,5290,11254.372011254687,6381.974980880735,1032,911.5723508131523,489.3825663920059,0,40.298360164890255,40.29260804435789,55611,54924.704774439946,6852.02871525825,139838,138647.87092960137,4494.188384421546,0,50.55321086434742,50.54551687162817,196257,195558.63216697017,8626.987027874411,0,38.60395969119054,38.60047013163715,0,28.851511813583784,28.84647043755607
217.jpg,699,800,559200,281988,282003.84026014595,0.893199860278533,109605,110775.04822535533,30271.837470487335,65240,63968.56698882505,5212.4787708392005,61533,60481.52063376608,8796.468418579003,0,2965.9065455155687,2483.6355970896475,24445,25642.35312939651,6998.716490254616,0,95.63248395471464,95.53443216195872,0,92.24762552857464,92.13847322584581,11703,10877.804095410253,3391.3776587854873,1838,2522.627698358332,1418.9107154147136,9028,5657.147697015807,3779.2725171484526,167607,166421.11107157054,5736.71377649228,0,1081.1439677751496,1022.3044657185983,108201,107628.67125483358,11997.229029815415,0,926.9418620504257,784.9434767479235,0,63.27627771591506,63.218880359410576
218.jpg,800,614,491200,227605,223551.255670466,0.9065117293906911,86643,92444.58428477835,26932.44474730703,165011,160584.15050910987,19657.180610930256,18526,17976.361715359002,2225.70507908311,0,71.82390178180322,71.74950897310953,152,251.2698513561263,139.76494925119331,0,41.575878985098825,41.570301141615715,0,34.5814883963576,34.574682368069716,6615,6477.260452684728,1439.9182288829056,0,65.18678996914423,65.12422958056762,5459,3754.353849445277,1859.2035959356176,176952,175204.16362519687,3901.723536805206,0,77.32304023711913,77.24092095597204,12968,14763.472859132475,4766.976404367863,0,812.8647252819937,783.978727067263,18874,18641.030608726946,1803.2566600163448
219.jpg,800,609,487200,167471,169397.25070562688,0.8911563207763316,67022,66083.57876901032,14542.981796762611,47529,46723.41849835611,2682.4181552906357,0,2501.5977994085097,2162.439761773564,60745,44663.92842127944,17439.28008334673,1223,1605.7517573372206,763.7156110000802,0,91.50867876266238,91.4678814768001,2589,2141.0832392056727,1585.0332771820395,1504,1563.8445832891193,825.7718534858816,0,112.71693778668669,112.48504655646983,19689,34250.521206109916,16274.749907455898,252707,251719.1720026885,4130.736022334132,0,101.45077767542898,101.40162159898472,31708,31536.6349053652,5055.317575479276,0,183.02088326091325,182.6363659853375,2484,3921.7730177899575,2319.0553996326516
22.jpg,800,516,412800,111754,116176.40186428491,0.8813275539430306,89943,86784.69010838843,14218.169809751307,19310,20018.5643998969,4492.648483085209,70908,47452.14769762251,18189.402413532407,0,1148.7029518157906,1133.269599436674,0,224.95697056386052,224.4541037355381,0,169.69462189644946,169.44885349208482,7009,7329.769478033562,2238.0160734202655,4152,4381.999939836924,1474.79349300885,0,113.4902167446453,113.40399341854594,0,183.41547217469088,183.08815278068923,211103,209838.9085376168,5215.198620797077,0,99.41757053097899,99.35070486839288,8021,8136.965782096362,979.0295396362179,0,139.7790169486434,139.59052199817754,2354,26777.497746123496,18642.7825891747
220.jpg,800,607,485600,72151,74740.38968090012,0.9308676954438599,51733,50243.431841667545,13168.212651369031,965,1746.6966256075539,1042.5526585513185,48262,45203.689004051776,10863.01119432346,0,145.38083609264504,144.7994709943444,7864,8653.064817179576,3607.4949465419404,0,107.33853079317305,107.26611179911083,0,79.05305624615721,79.0010618352926,4215,4242.147770443076,2218.542610344178,0,50.559507263029445,50.55365432330581,0,27.813929071617167,27.808894226850605,361716,360616.18588049855,4693.4466299994465,0,45.38692350448946,45.38140086406251,0,587.2986562683473,586.4071470229554,0,39.22752137103453,39.219836541892406,10845,13812.73250300762,6811.344431707452
221.jpg,800,572,457600,103514,102329.78868275147,0.9605769465228712,53002,54469.08984282223,11397.625629417566,20,273.3681817378929,244.84561888653857,10389,9062.447720385007,3064.0451896170503,0,35.39531705226,35.38637686877739,0,27.078215126621217,27.067528239131605,0,38.401126558753276,38.396641919861196,0,24.532468176577822,24.530871475157333,4831,4976.958980143021,1568.7852087232673,0,33.23466595111495,33.231311442899305,0,23.88119020238082,23.878441631921923,301084,300801.1316412999,3404.57020944037,0,33.339700596643524,33.33613650195671,0,109.09171466306361,109.0624447220467,0,28.115060166896,28.11212211128881,88274,87663.94434199118,4812.380506803402
222.jpg,800,648,518400,87305,89047.03668317932,0.96175841290452,45712,44374.980716775346,11870.552768716125,3977,4984.270802709685,2356.459017569993,11662,12191.947345646035,4603.8776651069675,0,59.24203010649944,58.65123015891887,0,31.38872470856586,31.373983248781123,0,54.055357200835715,54.00293024661391,0,53.26932566438336,53.25151478914123,1329,1693.575861999956,664.3737433595991,0,108.7940059128432,108.15780093228037,0,26.30497150103838,26.298727246384495,385383,384977.979664418,3161.356445572838,0,38.24236335066598,38.23667033347815,0,200.5056834806819,200.41412596496957,0,79.90852441481184,79.33608315146598,70337,69525.53168648336,3565.9028952940935
223.jpg,800,627,501600,250436,248119.16387023206,0.9099299315824225,92053,95635.71496709883,27479.935241374253,48924,48265.174191501035,4880.607145347523,0,39.066938162084625,39.05909468778506,0,50.66504178038849,50.64833642022268,0,76.45726479095902,76.26612458696573,10835,10113.59462251193,2885.7122055633254,0,27.578053039496808,27.575188326424552,79,201.9585133822893,142.57032320289326,5842,6460.615302399488,2119.0091065675424,42178,41865.97120711631,4689.950740092134,159111,157845.1165832301,4023.7020029860782,0,91.43458693154025,91.38787281442816,103656,102369.70107500654,8692.386368929458,3881,4553.361842373171,2272.3155488291804,35041,34003.58523123681,4321.451726729361
224.jpg,800,694,555200,196348,191635.5159622663,0.9355980684293664,34208,43417.24001130625,19270.152243078734,53986,53476.81897514463,2596.041929845058,55883,54872.27649300253,4079.1383138404553,0,27.489910503760257,27.487550715876992,21663,21246.903018992954,3166.4606890857585,726,730.0615624262364,298.03634763853637,0,29.506152720472528,29.504262882838557,4896,4778.447142061956,816.4452142270351,0,31.152541877513613,31.150651452478925,3128,2918.486074387647,546.8263109926236,324644,320147.26355448755,9730.489113329413,0,35.84233389567635,35.83858864344141,55288,52722.44817470189,7776.023367491272,778,746.6688742681654,322.29980067597666,0,19.414708282894935,19.41382962802121
225.jpg,753,800,602400,340334,342357.07787744835,0.9168238095795689,78192,77120.52556244301,21665.630038272706,2202,2056.8526425447017,504.862569767867,26079,23717.79114459728,8122.192146414975,9523,10687.90752737818,5203.158666244163,0,53.514706464824485,53.47637900599536,0,46.615956211485354,46.60801527646382,6090,8553.844461590292,5180.486591873556,0,39.18861228957758,39.181318982349566,151,514.5390135592352,417.6742844200761,50272,50461.27771068907,8104.602227233886,183874,182922.39073833358,4075.081087915845,0,111.68547552438213,111.62061945600662,241540,239851.57370692742,8684.606175156976,4477,6050.498566301707,3290.028645168743,0,211.7883533702443,208.97464079018303
226.jpg,800,682,545600,300400,296066.93623138557,0.9482459599588099,53870,60404.20564188028,17315.119525472124,42782,42311.420201368834,1729.6667954905604,0,57.52791907207575,57.51868438117355,136891,134307.34318221424,6494.877733228607,72838,71859.64129943495,5662.877458122324,0,44.13532814854716,44.1303778434427,0,41.21265016911639,41.20722681015206,0,29.084616231160908,29.08238609636299,0,43.80467148848584,43.79764103512446,13594,13433.808751518012,1108.7713660445847,191330,189128.86423516597,3770.900170588281,0,45.06205005608899,45.0552673476614,31452,31107.624134613794,1905.8992802652697,0,41.20359906213889,41.19712994870235,2843,2745.067828008214,566.9524025486825
227.jpg,800,594,475200,226157,227298.4275376157,0.927858352317641,58553,58883.74969412903,18460.229352654525,15452,14634.167329576965,3027.847002538624,8739,10550.256375753386,4327.910507400992,4731,7184.784786527111,3856.069198249799,0,31.46579038805794,31.457714235205103,0,33.68834629098728,33.68561019848966,0,37.33773286970518,37.323708421616395,604,704.7010499486842,218.32335786945254,0,39.675602255152626,39.667499571589175,21068,19369.9152998439,5782.191734011207,190490,189017.81113588056,3038.671225484805,0,58.94321277964991,58.930840650994256,157668,156971.9048013499,6037.186700850825,0,40.77327555116062,40.76783112443771,17895,17640.813934481077,1365.7964935911475
228.jpg,800,574,459200,145131,145639.58102373325,0.8906625686527493,71992,73356.66234443129,26917.3121730862,9218,8480.865059143756,2051.37469873816,30774,34042.38364599644,13663.992969622961,0,89.58413966502303,89.47472237017682,410,1244.3204283271098,865.1074501818456,7504,7085.800599368218,1006.9299309211113,0,36.27933868850232,36.27274553564827,4881,4683.1181000987735,1771.3587024759026,0,50.48087523953109,50.46748991840774,38804,39629.59627029624,8158.665992156624,242077,240203.75543239882,4918.793716401273,0,31.109912019543117,31.102802075447503,32817,32657.642013943998,3028.080358385105,1001,1450.9704110807907,741.882639493457,19722,16157.430229865227,4155.213969928849
229.jpg,800,613,490400,330624,326884.77531553694,0.9359038006233547,51872,56975.533556670176,18035.619655694525,6039,6068.09201157299,786.6745352048448,13192,12968.672352386493,1347.9161381703689,4606,4726.807243411358,792.694523598494,0,94.47234442510126,94.43980852567694,0,78.80143731680255,78.73719512207151,0,44.992779204001636,44.98617367299022,0,49.94059657987782,49.927069542067066,179014,176811.24979517647,8894.972623148578,0,90.30633101475723,90.28074780191069,107904,106539.69138184037,2931.49103635981,41210,40372.41495993163,3343.0944196819196,56864,56619.37135170723,3335.9510046752157,0,83.32410781826184,83.29918597266091,29699,28876.33000499199,3509.297928501666
23.jpg,800,613,490400,197864,194652.4575865494,0.912384102248251,94698,100329.32994461649,25581.320514077554,4285,4165.348889984796,1181.3969506094227,0,44.67522134050887,44.66699268280277,10393,10061.62297693102,1703.5821740366523,198,271.24289227555346,146.68740147159656,2245,2013.164016602148,589.2567302300379,39,245.55889500464218,176.48480836161215,6169,6010.75559187152,1183.1591909707859,23880,23345.09621115621,2475.2349624577623,17305,17126.145690271456,988.9963259625139,197838,195418.20919292973,7295.747929219281,0,46.68222130682079,46.67494404842347,105410,104020.18592472367,12639.153138782009,11818,11533.30272081664,1779.4840771141644,16122,15768.676334264397,2342.48340480903
230.jpg,800,594,475200,295775,295731.9231374991,0.8223944910323743,89370,90449.12673420999,30555.627241476162,8424,8197.798682256336,1845.254975686868,56093,49772.68444764995,24405.815717516274,0,559.0962896748297,556.7839384984803,0,74.0368172759845,74.0103048806778,4456,4889.716561108542,2320.8522321960686,0,79.10275628954878,79.07069387294227,0,35.0737811570898,35.06586179623019,64440,71763.63781189911,28231.941648414737,0,2149.6546773016817,1982.5306519037733,90055,89018.94961321156,3396.3639391415613,0,118.7628952455234,118.69404821664932,105897,104364.93488668598,8225.631047109722,12486,11433.361260303012,5496.508035351656,43979,42294.06227065154,4943.147919164084
231.jpg,800,681,544800,192461,196017.97379974675,0.9184598114388542,111557,108769.1058061601,25211.96217019757,108,336.5897581794816,259.49613794596695,0,135.47361736832863,135.2101852644997,0,267.5841426896768,266.55678554635347,0,81.18200220384279,81.13870255540542,0,90.02446261972364,88.13897482321926,0,72.8964395005678,72.81505230471684,0,76.88285197409914,76.83697422419232,50690,49970.46819879353,8230.35319495332,15409,19273.43469695798,7425.1708941489505,240782,240012.9240954975,2798.618385184871,17,2014.843886023411,1878.1998728828894,58823,54774.612532212195,10291.84510552503,0,2463.73683471402,2380.0305114442867,67414,66460.24437650986,5152.906585666336
232.jpg,800,754,603200,236630,236155.13770281474,0.9032259493580568,122573,123784.04220111543,28233.89633328265,589,1162.6377111794354,910.766417703662,0,136.2075313994119,136.06954077393127,0,190.21097383989945,190.0650003392513,0,92.17189832473923,92.12206161269914,19120,19067.022327769162,2727.5977923687797,0,102.46924640645011,102.40559434549984,0,126.6686859099409,126.57687886978601,25317,26754.852306290395,7985.464441209605,23124,24127.376568209267,7372.403291362274,243997,243260.82161144202,4259.55796309761,49682,45606.58890555745,9138.277724078085,31168,33574.81752825616,7882.6973005744,14746,12890.419877313354,4415.771585604176,72884,72323.69414235902,7868.582036985773
233.jpg,686,800,548800,267230,262866.7816269323,0.9334320683984776,86860,92015.34509752365,21227.75159014689,1396,1318.188905371986,396.87929732915796,0,38.79471483326961,38.78976514908848,0,68.63614663351473,68.60626399807842,0,77.37106868389674,77.31339394305915,14332,13933.258297794002,1622.2374582799073,5038,5008.644193002874,911.7230669165771,722,726.9931316460952,270.66582826219104,34439,33350.494892388495,5462.6830201270295,12263,12145.735312210118,968.2601527940917,194710,193917.8750968436,2512.6011192762885,28966,28597.03418744754,3678.3061388618953,62094,61709.865078967734,3445.5638307477147,13997,13808.382878270353,1791.3120705154433,93983,92083.3828196824,7583.677574793051
234.jpg,691,800,552800,281254,280784.5467274277,0.953928308239646,112100,112872.55453812965,16050.34408074401,1746,1775.9656973523124,424.50010939334044,0,38.21060269579175,38.20667375324447,0,57.40147262469509,57.37129555227983,0,51.323467803660606,51.310218212597064,1623,1681.4393579205303,421.5754895170455,896,958.4497179712234,372.3807123502171,0,42.79818617951423,42.77667372927353,39961,40008.839150154585,3322.9205464402953,13139,13106.171730578171,1594.8420444722478,159446,159142.89618221667,2815.5988295781376,19550,19436.762371945766,1807.8704367670528,76629,76353.94014745275,4030.3252947474784,0,64.76955515085501,64.74579051758899,127710,127208.47526959787,3712.6736081261733
235.jpg,800,571,456800,166736,167345.5026444417,0.9380562788370717,63006,63368.94363349188,17274.96618405267,0,30.996242028457345,30.992257450177576,21367,21040.037377513218,3539.076883797853,0,48.7800032677078,48.72501877735381,0,34.01416263556348,33.998927144315516,28374,27277.01064832746,3441.3811205900843,0,1003.4932499943816,959.0615059346464,9866,9871.195833848133,2652.9461104389907,4825,5148.877639673443,2184.68891595444,0,23.301471994744134,23.29688211512085,227058,226085.56246307536,2398.230158808648,0,46.00127209678067,45.99285836251296,87184,86312.83832559013,4076.2595294866014,977,2445.3778476933257,1546.937942477481,14143,14063.578569778347,1378.4987577935185
236.jpg,800,581,464800,219061,221283.4531525663,0.8609890979445073,100708,99214.57447382904,28355.72990318129,0,21.08205867081051,21.080587658873995,65424,70535.17711668757,20788.472430114827,0,68.41702980406626,68.38780879664928,4714,5521.57527611544,1935.866219309199,6551,6392.378377439735,1287.7219649466033,0,36.62545787916042,36.61977657585313,7483,6566.660387066819,1898.631093476051,0,39.97961485981796,39.971920409857844,17202,17356.125656555298,1743.6074853865102,145031,144301.97019040986,5600.845494877223,0,34.383250984297774,34.3760456534032,92607,91668.13724789821,8509.702022717041,752,1705.2261799717526,1098.3750307838404,24328,21337.6854986333,11563.730994115915
237.jpg,656,800,524800,345634,345166.45511939103,0.9377754662908818,100610,101273.46304713572,19926.46035482535,0,68.41758938547719,68.39962059342437,0,64.50003081184877,64.48831265023188,91818,91826.67369785024,7133.23070521314,0,86.50047293434727,86.46429357621307,2798,2770.369944433805,610.0558595630911,0,64.8791888007836,64.86223093155951,0,54.02205516344475,54.01107822708339,73858,74303.73835961614,7075.420763669588,0,89.31119813818532,89.28279290797076,78556,78360.08400579049,2131.8914850647793,82470,81537.87106178988,3348.2353811734174,56503,56313.97084744487,2785.1300855254767,0,144.51202182143243,144.3587297723375,38187,37841.688651200646,2081.8247368818443
238.jpg,800,439,351200,138580,138246.26673793973,0.9291128013634329,39757,40697.2861726206,13818.279278364655,0,57.5081111325635,57.229700649802055,22349,20636.676891180574,3988.7481937888797,35602,35126.94773357354,2562.042723693956,255,325.18554712095647,187.30520806276814,13028,12488.278304287633,1878.4390453829128,0,439.58080669820265,432.61975057937036,962,978.4146005825969,384.92192981990536,0,69.67543913907139,69.57015859466414,0,102.35830618741147,102.17243328538125,172863,172256.44687688642,3282.8744291436506,0,56.114125802965646,55.81223565291659,62504,62484.73289432864,4989.251152163391,3880,3826.418297242639,1371.902709578225,0,1654.375680662928,1550.690444176225
239.jpg,800,520,416000,271582,269970.4618918514,0.8302878209913436,43345,45006.81006038794,16892.931320193544,46321,45545.290766729246,4465.883272603394,50588,53042.20167930374,20511.222188714026,57678,49576.71704989889,24343.281563023087,0,136.36366162082413,133.88618618362204,93395,90843.02742452238,4828.931158843076,0,118.21547678704519,117.49123932498317,0,49.63333958980729,49.593517662882206,1408,1116.2279817403723,644.4743109987126,17764,24186.47040535854,14302.79419523086,101073,101022.72184658938,4599.633008445603,0,105.48819400487082,105.42194320115603,4428,4693.490560202197,1881.7734558696302,0,462.34747804647486,443.14317729725735,0,94.98787404694849,94.94632371729702
24.jpg,800,613,490400,225115,222415.03280835517,0.9349587749800421,59785,64676.3107050096,19524.225636878913,0,24.689680145616876,24.688241027916376,29183,28881.451274567757,2072.611548666112,0,28.401147677515837,28.395402240122664,1661,1729.4274955835026,671.612433913092,2506,2308.6665603079264,695.7985542453328,0,23.232665119765443,23.230820246026646,3249,3159.2880778452673,679.207613118388,0,28.649502503592885,28.647095522489955,46141,45189.99339729833,2512.77446143408,205500,203308.65800946046,6203.8883624840155,0,39.82568226339572,39.819919974666014,123874,122546.40925107608,8265.769615201803,14338,14203.813404048764,2007.400073335189,4163,4251.184669917624,850.530868873621
240.jpg,800,601,480800,336561,333974.5007714308,0.9568105185506075,20954,23878.850903178693,10640.26336405916,0,27.641498004664754,27.639604546123564,11735,11297.33862346214,1168.1266695123159,16566,16397.318629305068,1763.7155298103557,0,84.72541488326442,84.66163950477622,54435,53934.02504799639,1429.5329818893767,0,24.445381954656114,24.442929176740428,370,381.2414059373241,175.67239865660326,66505,65807.52831045141,4404.586097729969,0,36.84270594044574,36.83679798995921,123285,122946.64733471021,1984.744633451276,0,59.26946938750007,59.26007713126659,156218,155602.74571062927,3738.234635487577,0,43.52088206857661,43.516237244839026,30732,30277.8576914101,2902.7817655018202
241.jpg,490,800,392000,207825,208297.3421451757,0.8622310736702032,102769,102617.57380570014,24798.757529861752,296,433.90721808030867,284.260187548675,0,137.60399682928983,137.48486428671345,34954,34427.35142303708,3371.689090190495,0,51.78239247818237,51.39107922344903,33186,29803.84096168451,10461.190240183532,0,42.48938999908205,42.46711267249696,0,29.601078808618695,29.59660772231221,32508,31974.98162410907,4702.960684975299,0,295.26036089651825,280.5180585606715,81406,81085.08507134827,4461.079584899397,0,171.7213895853929,171.5780286515864,99750,93446.69686884695,14575.638458279152,4315,14627.778558459424,8733.330392004287,2816,2854.326882361176,768.138978340542
242.jpg,800,545,436000,75142,75057.89961674262,0.9630062535260933,46464,47576.92266583425,8934.293737999717,0,47.08613953514032,47.01776535143688,44495,43537.5193134264,5693.47732936554,0,73.61245551721004,73.41251774635867,0,40.16373527367068,40.119059957350395,4242,4098.987179727601,1474.0413937586893,0,54.81099034118961,54.76860039712184,133,269.0055780848088,185.96643704925012,0,50.79387014544773,50.7020877260069,0,187.21568267257135,184.10306992070667,314394,313365.17451596144,2269.5856498302687,0,55.22058923208897,55.11188795622647,0,149.89668970855564,149.76581017922678,0,348.4975745081392,332.456191364055,26272,26145.089818569784,3284.865821066169
243.jpg,800,666,532800,430667,429063.28637655295,0.8939559798296149,98319,99562.5531239801,31461.330371170192,0,43.07110727964391,43.06724315188171,906,2814.6331188176373,2080.6463687408996,0,214.22464564306756,212.23526407295554,14863,15538.16388980053,4013.6156769964246,2909,2848.9064473448097,797.0314550243216,0,118.29362815266722,118.09985168780055,11321,11234.093896867429,2755.75875775898,0,81.4036481062194,81.38207715986786,16064,21044.82843292229,9227.44178701272,3814,4174.160771409723,1399.6210448108066,0,207.60886997773014,207.49900655451137,299585,292405.7981032465,13730.934924208228,3060,3124.696229220517,764.4317458576731,81959,79387.56435917389,11798.690086330042
25.jpg,800,645,516000,442358,438567.88560952735,0.944692688816653,73642,76965.34285339584,18942.661904629174,0,62.679400471690315,62.66653495626204,0,82.91785116842948,82.9022031008847,83270,81711.55870501777,4814.749603972035,0,123.19174369889515,109.65444728585814,0,91.10403569407845,91.082765427698,0,22.951080328639364,22.94657451877739,0,74.06554808638612,74.03443718756421,81,148.58579797045604,133.41222352883923,0,68.95179468943024,68.92868895505403,0,466.77178277086205,466.0683057987802,0,378.19321748243965,377.79871756515286,359007,355646.2125905012,15547.98168836895,0,70.4465490640141,70.43309672517,0,87.0272953539461,87.00666626217853
26.jpg,800,557,445600,300288,299656.6022329626,0.8726333981709926,107962,108544.09526800191,25942.684429447207,12271,11835.155264200752,1787.0508498751767,67522,57529.72595516445,13719.865894924897,0,454.77360976136333,452.5453269733163,7897,8414.6240707565,2810.2619067317537,0,61.99151909376906,61.966852252815485,0,32.61434804767305,32.609240202763225,4338,4539.312062559985,1677.2089786223107,49862,58278.96342198322,12558.248814541674,9292,8007.334047610215,3336.3692303876137,37350,37399.303826560645,3028.368978321165,0,67.0764396414288,67.0550347341736,149106,150111.39614434273,12992.106944221925,0,108.65695924778629,108.61992498073836,0,214.97839055279655,214.50305680515453
27.jpg,610,800,488000,331111,329118.0704740441,0.8462476526244131,148212,149020.98662644607,41750.621339318684,5150,5202.683279277633,1087.5085741266657,0,1620.875930104521,1582.4745055139897,45871,47155.53866792992,15782.01096215167,0,90.98266589328159,90.18030915279499,0,49.13151690796985,49.120366936311854,0,33.28700649247912,33.27839651112035,0,71.3305724161919,71.26758562840573,0,250.1991301348935,247.14891900067053,41148,38937.3789195447,13791.693144435218,8677,9860.942862758267,2095.5813461492653,0,142.77642762311734,142.66569812794128,237615,234037.94345124235,25586.5763945574,0,114.42263067128442,114.33871995769917,1327,1411.520275805844,922.10335730671
28.jpg,800,612,489600,216681,216124.96976324444,0.9045743196424755,115416,118839.84903281118,27628.056600173186,3401,3474.076803129261,985.5211741991849,5915,5983.968655910223,2619.3177794979088,0,76.09793003942832,76.04033591691658,2095,2082.1479132467502,1182.6397799939548,0,58.11901594326355,58.10761148233348,0,69.71753393163817,69.63200461435854,0,38.42190600109279,38.36765075993656,0,1218.9362018825232,1086.4608049521428,0,100.97212713160116,100.90264908748375,157503,154635.1823908511,8070.9451716450985,0,71.50740965051409,71.48271365715974,89759,89710.86477680881,9782.49735050992,0,112.54111289784123,112.48390200914119,115511,113127.59837667139,13322.601979184114
29.jpg,800,552,441600,248134,245761.7359259235,0.9494910472519426,34705,38798.06080475368,13766.31820526921,0,29.514632617447205,29.51223093770245,0,54.893877343773056,54.8821030404408,90399,89310.12822199037,3803.7181888185933,0,30.91081203988142,30.904921082482538,0,36.11543699010144,36.111405997475046,0,17.77103717094178,17.770030420946245,1157,1136.0262183442874,377.55983822692247,2634,2440.4377705468905,596.0524475073406,0,20.378067499088502,20.376511534320475,158761,157040.21013355453,4439.547244089222,0,59.52555696590025,59.513551536038605,153944,152575.0362121331,7215.877198902248,0,23.02425865514124,23.022856408392567,0,27.97382362658027,27.97100542521885
3.jpg,800,569,455200,181767,180858.3374100506,0.9064913601481956,62926,65499.93779091711,23602.76315425324,18092,17862.43627420748,3569.387688048435,38461,40862.20511752281,11106.593130630241,0,68.38498169011109,68.2947254903704,1651,2245.26564388159,1166.6548099776878,0,26.14267421149998,26.141018524000252,0,40.97876913714299,40.96528688434101,14162,13692.056472049842,2825.695847317759,0,47.12114200434553,47.109380616661454,0,21.624040032651465,21.622140959155864,210507,208841.72363913033,4632.047620421108,0,32.47044378387545,32.467277995546034,85488,84262.9308748157,6817.022185077405,0,49.79400904531576,49.7807556450723,23913,21646.92696766828,3789.164592652636
30.jpg,800,465,372000,137774,138815.7311130149,0.9086065126010968,40241,40592.12635222703,14856.929459356354,0,42.364427758820966,42.356235134374586,0,4294.877970003523,4043.9644352246423,22359,20847.3827668588,6310.910081070781,82,199.99359872770765,152.8249909043862,0,86.4232681627409,86.37392777502495,0,208.0812295404594,207.6104446814199,739,859.8571411414132,373.6028268242061,0,97.382122176552,97.2119692277794,2277,5896.655557298976,4308.90359982838,193985,192592.14236088074,2867.762159238232,0,65.64855135400467,65.61982136605324,40476,39160.94647392568,3568.5733664997233,6920,7532.026386805401,1773.8756930213954,64921,59524.09161926085,9849.339772542018
31.jpg,800,511,408800,192221,190896.60816371968,0.9030819457790535,56742,58879.38183784482,19599.70373182075,11725,11687.840431832708,2912.417290867532,54856,54182.42948267914,3790.486441884098,14011,13925.883887443344,1062.9423995322345,0,39.2673717063044,39.26146029540733,0,31.967640706001475,31.96363068757745,0,24.006722102787535,24.004051674444266,2557,2501.028970493291,700.2426492601469,0,47.93134979189017,47.91103416733821,13229,10152.645962519546,5273.772874430307,159837,159024.0118546,4132.130711515121,0,53.140532650570094,53.12186661905533,95843,98155.976406434,14598.328055066748,0,67.3014184793974,67.27727539108825,0,27.187986880706376,27.185408809328234
32.jpg,800,553,442400,237584,234960.99544136343,0.9097519332807761,57875,61395.616714161486,21867.496099642347,0,17.048089426918523,17.04735652290429,19161,18921.64435169381,4747.890560653424,60348,60671.546347218675,6710.270724502008,9690,9624.71583481877,1803.6700150997233,0,30.908139856572234,30.905588036400673,0,24.005496314264747,24.002692922528848,147,380.0900976015582,270.51246268833376,0,29.69467218540376,29.68801427149008,0,32.13173543084213,32.12564606818634,146941,146043.38740075674,6349.57725601432,0,39.97413534692532,39.96860413799856,129870,127849.30840672253,7562.802073306153,0,49.15068497410357,48.93094995299981,18368,17290.77744977303,4787.997604197102
33.jpg,800,484,387200,173107,176214.19676510803,0.9244814078397433,56122,53647.609593293906,14694.537030609135,0,74.19854762637624,74.15186284902835,0,3970.6519437154548,3543.6740277352137,0,434.4837753595966,429.94543825556866,0,120.99941044023399,120.71531846600115,0,77.39226702097767,77.359445831109,0,82.2933983621806,82.20530159251214,2682,2801.1974388731014,1051.0977497580263,22346,21189.97124527491,8571.914826228201,18383,18398.46389694622,3501.435636478272,157971,157338.19180020073,2567.2830492448397,0,62.940105497085824,62.924871823326534,0,184.05251806152228,183.6514073568045,1057,1632.1036711025936,982.1482100371635,128639,127185.4485468278,4975.00439376229
34.jpg,800,556,444800,218557,221568.09840767772,0.9094817621211301,127581,125121.44950377483,23980.39005468382,0,107.62075418502354,107.57005796796649,125,776.8535950216938,742.4364645551972,16384,17575.73081591374,3548.408867079323,0,84.16685889387736,83.98251978335847,149787,146562.05527763657,8017.7705164134095,0,40.10087621094499,40.00479791867471,0,29.661381739380886,29.657531876587136,13265,13158.793393260014,1751.2982826769123,0,94.94465783921987,94.87663618410703,98662,98110.45334033604,2605.655469287766,0,127.45179328419908,127.39875608346416,0,170.8828898544234,170.78489614541752,0,299.26078922704255,298.8439017019483,38996,42540.57532461158,13546.869929186636
35.jpg,800,639,511200,184540,196800.60639460228,0.8588329907627382,162268,150250.863058833,31976.261627295156,13,226.86578089149043,210.8782649333259,27653,35027.4843117676,14170.273255382137,0,605.646768803439,601.7593089014766,6937,7451.430412890351,3216.333655586091,0,206.40664659181084,205.91730412517978,21424,20773.21591384259,8374.772869005033,2,340.458309594138,314.9352996411387,451,849.4338658320048,703.345254921862,3960,4284.814286279379,2531.0159106990895,164392,164148.5359894112,2133.0796440642625,0,213.61269316260768,213.13546702118578,58502,54258.91454226924,16428.57458831685,23489,30358.92934601201,12570.185210492427,42109,42203.393516665616,9463.738097604599
36.jpg,800,659,527200,312297,315950.6589470536,0.9023446309662598,106543,102848.92177223082,29031.307383178537,25713,23846.607801441678,4307.1836124095535,17,1514.9218887614788,1415.1262193495659,24257,25937.362433407554,5515.079600137304,8,205.77536449959916,195.82799606620472,0,51.32349087388047,51.30545062998709,0,59.34225541957858,59.30791496985102,2067,2122.6802084734727,494.8766854158886,10921,14505.786541810874,6146.248840050843,0,118.69671056716288,118.54894206127582,108360,108400.41888781654,4895.05475975721,0,2584.651212080935,2383.926225576194,187023,183856.87533135907,12986.453562820085,0,98.1338163805558,98.07564271888404,62291,61048.501891977714,5372.411339355906
37.jpg,800,420,336000,148287,147652.7744450997,0.9314805444891432,34891,36662.050478786536,12088.748405294571,10316,10307.03491867346,1890.3828258407138,35314,34932.49254019285,4864.280298830976,39608,38826.937610290304,4315.311954773435,0,24.036514650193567,24.03099178291837,0,29.91254137560918,29.901678647536563,0,24.2993593161882,24.29246720057288,373,487.2465469297931,256.9539026590345,0,26.921173844833902,26.914457394139497,0,18.017757291829184,18.016524332697724,152822,151685.18267995585,2901.8372360801145,0,27.987809298947468,27.984316755804947,62676,61803.94657314672,4362.065471880132,0,1121.3062078168332,715.7276809339209,0,22.63489227214086,22.632019148141534
38.jpg,800,661,528800,199426,198260.130263941,0.9683448630170094,20909,24111.37665933308,10094.337006533347,327,348.2754426905449,159.04109924583793,0,36.62056577944895,36.61767396499901,131934,131146.1528411001,3048.7850636699186,7043,6782.26009195915,1458.0592558724784,0,51.610150347086346,51.60362564474485,0,27.887535671461592,27.88548077897052,1154,1207.9315588788613,327.8116720943159,0,23.60448193853972,23.603234454885417,0,29.165872593854147,29.16276971204003,308465,306428.49745762354,3770.273749621014,0,49.29064242668392,49.28245489055977,42710,42812.04016237078,1450.3575553705746,16258,15710.388157049458,2370.0716416285536,0,34.90276113505388,34.89928680967213
39.jpg,800,477,381600,143229,143229.7438399078,0.9289813032095756,87275,88122.85437228256,14747.422886510387,0,42.44681747656432,42.40888635255095,40409,40417.36269412398,3000.3637940158187,28778,27915.662903615197,3047.7216364876317,773,1002.6421830350773,533.3049535119496,17488,17294.24241066957,3106.0851339094434,0,61.224024727911456,61.19227601527854,0,39.78124634661526,39.76538805520377,0,42.10326673768577,42.04890160305037,0,109.07096030064349,108.80714325074358,151096,150247.39966663398,1831.8051036203906,0,104.73532054592215,104.5967998608636,0,2547.1682780022093,2412.699945504144,39380,37298.81463669629,7539.2141708601275,16401,16354.489097630068,2561.203281457444
4.jpg,800,569,455200,220163,215211.11904354533,0.9294014581112823,35174,41869.91350140331,16676.517972297657,5394,5294.188765348874,479.08559462419413,75853,73902.63002632762,8304.405175267437,0,24.751518575452792,24.749668351991886,1317,1315.075532954168,552.3456723265326,0,44.039935363298355,44.03482739134034,0,22.572573838964672,22.571024429262096,80203,78374.62379785802,8643.458576178335,0,25.674841747953906,25.673220988770115,0,25.015753724312162,25.013645391986095,199863,198118.9682618998,4940.959344642487,0,27.96698241465674,27.96364914981857,57396,56083.22999035507,4461.778923038451,0,55.246361771243755,55.22463015570141,0,16.102963265753715,16.102368045184956
40.jpg,800,661,528800,266451,266294.62377186306,0.8924919447544878,53963,55310.608943184576,18605.28343664024,551,616.2873491650425,328.4136381856962,65232,63293.1449791428,6808.859424477616,39695,33854.531560156436,17733.067315600896,1879,2352.5451931718853,926.1811702676486,0,42.70740276889137,42.69721386456735,0,57.160283413059005,57.142135764334235,1598,1578.9749164356517,816.3191837048307,0,46.338953207292434,46.327711617257584,20512,27432.298541869844,13818.220700035095,208386,207194.76689463944,4834.637110024041,0,44.90170447894343,44.89441931386535,136503,135735.42357497537,6327.576964904173,481,1206.5722110474653,840.4091179501856,0,33.73710203036899,33.72124479007509
41.jpg,800,689,551200,187840,187850.4526345577,0.8531382339136304,43851,45382.43991388203,20606.37853101172,0,74.84601537413982,74.82316517087708,28128,29358.68083507882,17008.08294308324,0,10749.738875304258,9199.327491958877,0,138.2851745057651,138.13931764523088,3000,3566.409303679823,1536.8458936056652,0,664.56220938771,649.0071583138349,1240,1194.1541262570227,441.51958494956824,0,75.81752956628588,75.790775166646,112535,85708.76979128453,25597.234690985955,319509,317967.10469298303,3256.9333195924605,0,196.49859362648567,196.30848861760225,14421,29978.998216376007,13493.114204568683,12583,12850.800258967529,5722.229229722193,15933,13292.891705149377,7793.919963515328
42.jpg,800,573,458400,173805,171153.97051163926,0.9633789951577912,13345,17013.111705504598,8329.305110299421,0,57.14948574781738,57.1404932547852,66426,64534.81541131153,3927.3320172879244,40224,39807.51283686543,4333.19487764004,0,68.06585277576596,68.03402247994691,0,327.320310634148,326.27755405139146,0,138.21913527686047,138.0383824180823,0,26.648128908655053,26.64603956716364,0,46.75660825142768,46.75033662749658,0,40.92186946385846,40.91302901245126,271250,270232.926014333,2717.1465825518544,0,63.140470130372705,63.12691930125091,0,403.01155743993877,402.56868849818966,0,61.40053804279887,61.38670962416883,67155,65579.00830679065,4392.391760273216
43.jpg,800,639,511200,167374,168885.73210599224,0.8529288111381664,43913,43929.62996188641,17237.75884332865,0,32.19391892656131,32.19087573730089,32259,62237.10852624505,31515.09934433256,101513,68661.86852626337,30480.627168186813,53,132.33029345742762,106.4313023474902,0,35.437819879199196,35.43447164091545,0,633.5993048147338,621.5496642293493,0,19.745834634940366,19.74047242116943,3752,3675.9484948280387,830.9697481470245,7601,9358.720041434543,3888.646486824501,299913,298384.62545888044,3072.830979220354,0,46.41090874571455,46.403793014860916,17457,18610.905533131838,3591.2535615603897,4735,4219.8238322281195,2426.7733579041687,4,1221.639071402671,1147.2404841082084
44.jpg,800,511,408800,181452,188742.77443316265,0.827320725310397,153354,146657.90435472003,32781.96502375968,0,47.93787816946133,47.913079338102534,40742,41354.349458760844,11506.352931891439,0,5113.206528625362,4718.885974985855,0,161.92279413784672,161.33696786095985,0,1076.9019195322635,912.0869431690107,0,49.04980022849304,49.03323657341562,0,96.64250297410945,96.48321093926438,6024,10746.968383132466,7011.903536850721,34126,32723.743658140873,16274.886405659157,73994,73399.32067217438,2626.3087700795413,0,248.2826092513351,247.34521496760297,100560,95567.49924728699,20444.97206865075,0,308.3228156869991,307.06298091159346,0,1247.9468372355914,1063.0439553577417
45.jpg,800,536,428800,116718,114810.94812409938,0.9645813060993913,28663,31810.006809120212,9528.13791972647,0,37.982198637193505,37.97421191534274,102595,100121.46132802515,5117.607602420438,0,106.33462048525325,106.10475452127889,284,404.3515736841182,248.62581204654234,0,40.99312798472238,40.98780552606643,0,65.79052200780643,65.77017771069805,7006,6785.5149791393,2117.381067607724,0,22.04768221223094,22.044831116335388,0,24.674702253549185,24.662758034961204,283419,282179.04478722723,2379.441968169217,0,37.72462740060109,37.717510460024506,0,418.5967738790023,418.04035796464046,6833,6703.47350317931,1313.5830707674863,0,42.00248521118556,41.524369592829586
46.jpg,800,618,494400,183139,180227.66153375903,0.9396267600502807,50189,54437.94602472613,18009.593466907834,58,400.8936145579355,308.76612548500117,0,278.3724565033699,277.85355353418106,117849,113325.99655114746,10117.644270066758,2939,3208.70928196153,942.0975649949496,3348,3409.348456200555,1197.2112133851874,0,62.13045968171173,62.10768843679817,0,26.343847447916232,26.318078837410752,0,54.89172519227759,54.85210027452737,0,134.22896057728758,134.1057428423726,261072,259734.39372729437,5521.13789462036,0,66.75063605944342,66.73230130337274,58945,57961.11795622166,4057.1823134160863,0,63.26528554199649,63.24498083966729,0,1235.6123026658188,1223.568444376497
47.jpg,800,560,448000,206489,203793.87359985194,0.906572851287201,57940,62270.67598312433,23536.34260561312,7159,6707.133195434279,1516.2821388674781,0,213.34937544676723,213.00285977206968,96825,93195.71107508303,7842.886782668957,0,32.66416692241182,32.65989183049527,0,33.695387711945386,33.69230264754592,0,24.005195465627367,24.002395657917965,0,25.439404869261125,25.436624352799612,0,54.26309318029962,54.22773823181711,1,1599.9869753636976,1506.291616029313,183571,181935.44489637876,8751.916098780312,0,53.21120237717514,53.20133328906803,98866,98488.53969618502,11508.510424105474,0,45.66207422653133,45.651258137528444,3638,3320.2127575858576,1795.2729190664127
48.jpg,800,620,496000,198790,195204.6407691448,0.8949185741224717,82741,87704.71527471876,27399.944566837068,4292,4127.36753703338,1244.2629293867558,70609,66580.12478461393,17055.449967356308,13216,15792.850437386456,7299.660186357224,0,26.939815702655324,26.931796752665576,0,25.941725214177495,25.940138886257145,0,29.93368074328646,29.929751719076265,553,596.8726906513048,283.3306230707734,0,39.81369439324408,39.796380405888414,117,302.99786786480945,220.51801055960968,214469,213090.63866483702,5870.6003529164955,0,39.051495931274985,39.03517067927597,51138,49978.58360040055,6158.660766807882,0,35.58691892443676,35.57637038514191,58865,57628.576520285256,4992.772239137181
49.jpg,800,457,365600,146421,148129.97210398014,0.883611359093379,70668,70310.76744319151,22549.944274307385,0,21.805828932014265,21.804400433135392,24807,26729.59187762384,10372.79841752437,0,130.6750698644173,130.24463125093325,0,25.64786182134594,25.63860840933446,868,999.4125079917003,332.6691283828942,0,113.06258504999732,112.85467224202826,348,430.98509342927355,247.3899290292863,0,40.20475398652525,40.19680646212151,19801,20237.22936013751,4108.878338516446,148511,147159.2595132846,3933.405996979067,0,35.78827940428164,35.78253645120711,75818,74559.2417201366,7612.973157463853,5,453.76574536798944,426.8072496281013,24774,24352.561420234604,6878.759315639352
5.jpg,800,470,376000,120582,122725.39007359749,0.8965417162535039,112379,111689.92883942008,24107.306865286926,5296,4774.398527152763,973.6016585210675,28634,28439.484674854975,6481.25421651109,0,108.56286019083745,108.31073196340859,9347,9093.474684713523,2045.6716366736705,3217,3057.7093447568004,730.6673128692702,0,43.38043059171832,43.351237130082026,1656,1614.4312212743416,429.7838582874235,0,147.726660035416,147.12385275663055,16168,18374.504810325823,7157.970111122444,143039,141584.67966350948,2670.285908034742,0,33.43798492529277,33.42552641399904,53771,53222.56105505412,6557.852840223595,293,1492.1594826142864,1133.6769358181673,2200,2323.5583371075454,843.0415248862312
50.jpg,800,556,444800,215824,225815.5707011987,0.676718601190063,197075,180040.87888611323,59741.522929622355,160442,142512.41734655664,59325.062391059306,0,1123.1213877213304,1113.0023380425866,0,7788.821366999415,6965.147148919823,0,3105.7595957553713,3042.9048252032076,0,4186.326272726677,4036.013900470472,0,3886.0175093394064,3773.267688920617,0,1838.0894770549057,1813.2481394515682,0,1744.202037324605,1730.5003611329341,0,2009.2109099706504,1944.563101473886,31901,38943.5504205366,12812.432590521454,0,2641.8705888252734,2613.6382405480763,0,1814.3206074942282,1797.7605959505602,34122,37145.53935765897,12348.57201852937,21260,16019.874243771352,11611.814609464454
51.jpg,800,367,293600,100491,105156.62715406221,0.8404420821372247,60359,56774.61233626958,17708.009056922616,15644,15614.572787583278,1802.692175581783,35114,32559.409637733388,13179.161005142556,9632,8354.581340538813,5619.599328037646,0,31.774439986991638,31.767097206347756,7461,7962.7312638469675,3089.307237457229,0,50.87943246460418,50.84951223299167,0,22.415997311504725,22.397942318993646,0,107.66413990093861,107.4737989759515,14624,20867.35873134171,10577.511468868186,132750,131668.7643812456,2283.3975087297426,0,33.488459267184226,33.48164910519402,9090,8868.848866035394,2155.4265451365895,5889,7532.42702192509,3963.188998020846,3037,3150.4750361263323,589.3834577900495
52.jpg,800,657,525600,189543,190440.93848158082,0.9222616354784896,54723,57235.063890255355,15454.477025278125,54947,54200.36066840013,4345.916030272319,0,393.57325077481437,389.37496404843597,92250,82835.54613237584,10338.950415874231,0,171.1740109590428,164.2955652500746,0,60.22934687760244,60.202014930376144,5045,4895.446977960906,855.0380255851019,50,89.05045497859828,77.61575513611399,0,132.5995457936151,130.64511470253973,8512,17717.66715146174,9167.969912274655,281334,277923.9954449839,5315.63837605579,0,91.32477928974185,91.19866326059703,28739,26181.27381454158,7473.648900151685,0,3622.7335916935335,3208.2940196714967,0,49.95875647370849,49.72645210982144
53.jpg,800,437,349600,115179,116588.18177131546,0.9360427737289728,70633,70295.4435717932,14106.542439892502,2087,2711.3893217153727,1482.5085240971925,61797,62246.04978678729,9136.65123718625,31,375.7594505416,337.1838875841039,0,65.94477863819702,65.48562333185347,263,628.973955342799,454.4399432116446,0,32.324316606438515,32.30961189751298,669,715.6846122828556,264.516429146752,1851,2093.1718425839817,984.2973276632783,0,53.47261038559009,53.03908477388628,163788,162716.3732328709,2110.814328417437,0,37.148519246140495,37.13156377171611,0,118.2299187816825,117.68641711045242,0,52.960183093375235,52.90451639577405,48481,47457.07247531017,2631.515762016563
54.jpg,800,661,528800,255694,259036.02812114832,0.9137037690000188,147859,145441.58268894898,26461.357888561048,0,39.267823608694016,39.263613600279655,13209,14257.267940041223,4548.296045000073,0,211.85726405632158,210.98379795153554,1318,6197.575277290451,4969.104441782679,0,120.5280364902901,120.16514917596923,0,65.78984889082494,65.75224620049862,0,209.47982404263257,208.87844819806443,0,656.4521982987135,646.443983315189,0,92.48887266201928,92.44657622057217,125247,124322.3885039695,3577.022335401205,0,88.5320868393901,88.49616530673296,194077,189053.45707425644,14868.645236304674,0,630.3822638529164,627.286896329897,47090,47412.94961081847,9425.397835236772
55.jpg,800,579,463200,289840,287117.1106600699,0.9333022936905809,34189,38840.76900916982,17950.583828696064,0,31.019001663549716,31.0167890472323,0,67.50043696525609,67.48434895975839,118071,117278.44989741957,2995.867036259867,0,43.08956525094072,43.0838445352144,6956,6518.035266320537,1844.1424321268337,0,20.434692770597394,20.433556265866113,258,258.4356177573054,155.81986381082717,0,34.12391504477273,34.12105871906216,0,27.541304662390758,27.538271252617456,139171,137242.12701284545,6977.249076034205,0,65.60745732834403,65.59486581505705,162311,160537.0059891298,10598.724562172081,0,39.669142158039904,39.664073482826126,2244,2196.198373598758,815.9136150065614
56.jpg,800,561,448800,376552,372978.27798138245,0.9195415661986684,60684,64535.592920591924,21399.57424900048,0,31.700843937822356,31.698318405627095,47488,46894.04804582768,4461.704568154593,0,91.15332162526465,91.11755896084156,14045,13204.50899948533,3809.9712478506153,0,81.09385373300847,81.06797719277296,0,53.06123393394955,53.022465516332076,101041,98413.71587215007,13275.34886727207,0,889.1000678313467,823.6833481867832,0,53.83703969853195,53.82671776831705,11564,11286.128853746839,1519.1527036591872,0,157.95997129063835,157.86008765336297,213978,212869.14272428345,4409.445711091265,0,102.70544825562683,102.67184789653099,0,136.2505593298265,135.68938600188747
57.jpg,800,590,472000,189474,188101.49438760587,0.9455458509566547,71210,73535.12039424879,16650.28995442749,0,643.8313947303322,439.22618469345804,67430,66000.81322936458,6523.5887458269235,0,26.75871824661408,26.747061943654785,0,89.2036180321229,86.42114196164808,0,40.01221594959861,39.95365864570793,0,20.982536458240247,20.97939848561021,491,521.8658333347339,251.087266921219,1421,793.5343335500638,484.426063970267,0,26.196380956296707,26.151417519892007,211316,210363.38855831936,4386.3160332054995,0,34.743970414916475,34.68233414181006,87398,87412.93538921376,5069.6760604326055,0,36.275901508299285,36.26519170076065,32734,32454.34086584633,1828.9717556913447
58.jpg,636,800,508800,403061,400473.73930482543,0.9082396206666229,87627,89890.50041879951,24755.271170136126,78702,75511.84229930445,10754.339700924476,21775,21158.276309647066,3040.123394249275,51,497.1532001404048,450.08615899212276,21416,22149.4403907989,7255.938224087036,0,54.123797469707824,54.10496888231651,0,43.71002191809748,43.68729709494001,47954,47969.02487893765,7158.027540114708,0,284.51480976534003,282.6300679343195,64,646.6965416405747,543.5885302866293,18112,18435.758914538543,2748.3023101099375,0,65.85137389215924,65.8382833064146,233099,231462.80897583417,7249.795793037206,0,124.5894973633749,124.54037451556883,0,505.7072081135284,497.3556899106693
59.jpg,800,646,516800,222444,224399.93104721734,0.8987557990322518,112050,111250.40676392648,30208.21870689402,49624,50104.00274458228,6010.107870470278,7958,8039.785084683117,4495.973632717532,0,1988.7466993145517,1758.644094367805,5288,6533.556921214422,3016.025181146375,0,33.700284598578946,33.69429560518262,0,199.85847661652042,198.21618289506668,8309,8026.651893130286,1515.7657318604836,0,74.36584753202442,74.27418313729534,18603,18819.824984809136,4735.98461015956,182306,181149.65336163138,5601.720813859629,0,49.30618974116078,49.295314116451365,117910,115881.70982636645,10384.904871532523,0,64.34481148257328,64.32859633102049,14752,14584.077283146205,3323.7236184500953
6.jpg,800,620,496000,373129,371087.57001381484,0.9640471249150653,40360,42617.22571973291,11567.899867264863,0,29.858261107769067,29.855894101841407,18580,18653.027675956924,1785.1414883631,0,71.53338231255475,71.52057930853061,0,41.53810141301801,41.527550943954225,0,128.08504878150416,127.6145567022547,0,30.22531382406123,30.216162619601086,0,46.32341484557401,46.30718093293734,0,165.1977855993755,164.525181593331,0,122.09581355053888,118.94430706187845,82511,82295.2036370321,2045.8248817754472,0,229.97229163066368,229.8225838993107,354549,351421.77763550635,9378.80905885404,0,100.13149502570741,100.10743990977986,0,47.80379426082618,47.78560276078666
60.jpg,800,547,437600,102363,98873.8344066507,0.953798218171778,44861,50006.23273324179,12744.561466709241,0,39.93593359758597,39.881369229841965,101351,94996.71162553946,10884.30457251043,0,649.7185459759676,646.0641594807703,0,58.63681659721624,58.609729700864364,0,64.23971188085852,64.22472249891936,0,275.48380212992197,274.42408963952136,736,826.120808344047,388.3592025135902,0,57.90703029177166,57.88021659032011,0,44.54088996763676,44.52921160220556,290376,288719.9319418756,2726.5442575811708,0,60.058923012706146,60.03249081023505,276,1373.826667203466,1188.9044443034877,0,378.48438226210055,362.5180790054509,0,48.16926984798556,48.15734610662433
61.jpg,800,434,347200,116360,115913.17381754164,0.9323475325886109,55509,56653.350372900415,13907.378722842064,0,20.899100651717163,20.89083086439777,0,120.29826489462357,119.80308463062335,61939,60774.4535757034,5970.659974298414,5426,5749.69670388616,1386.9506748798217,0,53.13759487380048,51.9591277743191,908,1092.629920863712,563.225569679043,0,14.041340542190483,14.03861161014747,0,31.099801291451513,30.895854503265955,15676,16046.336313232761,3460.0908061884393,175331,174633.48206160183,2411.0545243706997,0,26.175654450798902,26.171874888925934,25383,25153.24440822632,3615.7964259338432,0,119.36690426219502,118.91530153984144,7028,6711.794234662502,1148.844181226539
62.jpg,800,538,430400,249175,247824.22448505653,0.9353414220081774,46814,48807.88473431619,14693.497662889009,0,36.03091913836033,36.025216819203386,10644,10833.949766181977,1193.2787686067904,5949,5952.3830920114015,1581.8376153476638,0,1455.078080755593,1425.052901121276,0,45.05436291483693,45.04716092865101,0,59.06194448525821,59.03492680455756,0,280.26234135126197,279.2715835900392,0,393.91313214253023,391.98710065050443,0,635.7921638917687,630.0696136943352,134411,133767.89079752757,5096.8851201931675,0,1654.3168239348634,1615.5876511090592,232582,226313.24256368267,13692.44745183902,0,108.05676053204661,107.97350498100313,0,57.08253403397612,57.068313639150986
63.jpg,800,640,512000,330866,331929.1317976607,0.919342286951316,91800,91215.34170447027,25881.05508929259,0,34.07199301846413,34.0691133463116,0,65.1658804860781,65.1531376510814,49544,50304.77553133063,6438.811892719534,1267,1530.4272524347925,772.0138130752898,0,33.02648930861869,33.0237678315252,0,24.38454249880124,24.380925538117417,1866,1893.1523433761777,452.85744746501433,0,46.90121477765388,46.86033454112898,2358,2960.363949823657,1468.4534679232288,89334,88855.52966130397,5091.265589430079,0,94.82982443673245,94.80010898111297,226768,226381.07064712414,11931.490453864684,0,89.20711825321632,88.52361120143414,49063,48471.75501079174,5124.966832890033
64.jpg,800,534,427200,113484,115563.1736166767,0.9230512632371,58767,58552.47267843985,16733.327649145867,0,38.548172051550864,38.54368742249322,27242,27716.905792072896,6710.953106594456,72099,70996.19988306673,10506.006660982459,3796,4223.763931635309,1340.2365393590048,0,60.69093915223857,60.679595662345044,0,100.52260370150907,100.37346149102714,0,23.956485818976944,23.947030191963744,0,38.27482297791539,38.26340269580909,10203,11121.89899947452,5157.981903441407,254949,253084.3559084627,3329.8920405485283,0,48.82128867522988,48.795247483710035,0,732.7287500077728,727.6914959966598,144,398.31264260614626,296.1073230369935,0,62.549305435837596,62.5295942482508
65.jpg,800,691,552800,183966,183496.13150320278,0.9343452574526716,85250,86761.55512281945,21375.455999972415,4652,4836.970006632069,1455.2551025389962,7118,7439.509814313722,2462.365157697232,0,77.36179622441341,77.31099666905637,0,60.82190975090816,60.804665307868504,0,55.96973693272139,55.962306444311054,0,109.4225431125451,108.87066771192946,552,812.4108405085844,406.881906595701,0,107.31742965336161,107.2403105220969,0,2938.108966634545,2730.998794810903,283584,282542.3177271411,8035.978549134681,0,66.87285864617843,66.85658966404847,122777,119017.85329794136,11610.085846570953,0,108.91999690650482,108.859008387313,48867,47864.59230594591,3125.6485734004846
66.jpg,800,617,493600,153468,154192.6920105875,0.9129289124468326,34020,34618.562453332546,13223.820988976431,0,32.39963414208978,32.39739389875908,2436,23310.529247665254,16445.410017311464,72034,53064.761973896384,18369.738453737806,0,41.232608603169865,41.22305962099237,0,43.70553240965364,43.70058024917451,0,101.34642994272144,101.26531872154081,0,27.983610210123516,27.979886436452336,0,44.081112903779285,44.07354818330842,47578,45592.315905881725,5048.595027351289,306112,304788.7400800848,2455.464427246984,0,48.129697800512076,48.121544946005656,19052,19638.338847502313,2096.0394948824664,0,148.7426813015045,148.20978796504608,12368,12099.124728328245,1233.740274223349
67.jpg,800,619,495200,346445,346592.06788956176,0.8885182901206449,105136,104295.62087097214,27358.613534244112,0,73.37869673039313,73.3643847246918,0,5678.661244275481,5319.376434118231,73962,66296.40558478062,16597.04532267923,0,191.16110859415858,191.01373352359838,0,73.41298384680886,73.39754321087474,0,99.60600069295833,99.57835372106686,0,196.35047021118953,196.2198237387786,83448,82442.04934328102,11315.684530951043,0,4510.472941880689,4316.172166443566,43619,44312.31132743452,3576.4476805919367,0,2478.9444662137594,2446.0033432503897,189035,184105.73445813105,11057.563582231674,0,146.27567590961917,146.1743974489637,0,299.6149150140336,299.2848460534129
68.jpg,622,800,497600,337871,343449.4624897988,0.7544046529061745,115176,109242.47979931484,31538.44159299884,39426,38186.86387099001,2677.605987478427,60795,61260.26328728936,12794.00754706579,74089,73586.04811595035,9556.576114795422,0,173.89774544790635,173.7204986676334,0,113.19952988383466,111.45618678544513,0,96.50546234186913,96.4702509429493,0,60.91805000128079,60.90346582745579,0,640.6418744095481,633.5461034330233,95403,64843.48488649585,32866.447957027834,44553,44908.05747539672,7479.157197935262,0,187.04727103570076,186.79366772325045,45653,67771.92768788969,36122.82824232319,554,12358.361026264909,10470.41914914294,21951,24170.30368179839,10613.751793521751
69.jpg,800,578,462400,291701,287329.81598696526,0.9320121397409962,44474,49548.790049033276,18878.371424543013,39509,36572.45458779496,5785.091832627293,216906,214324.75872773194,8607.405784835259,0,332.78242635293645,332.32838589171524,0,70.41013485736403,70.0515194452501,4085,5241.075352955404,2418.9364972423405,0,43.65693191212267,43.646409494008424,573,588.9238231102972,210.25579129820713,0,82.97280522221627,82.8607721954125,0,41.78388132957116,41.7557767461264,126225,125521.39863921283,3503.7502496569377,0,53.63402168415996,53.61511318886184,30628,29746.60662344835,4161.143072338194,0,78.07999640355774,78.02271747646509,0,152.67667416238328,152.586315870693
7.jpg,800,541,432800,217974,222434.27202033813,0.8833045912781892,110216,106217.59933202699,27350.566011601957,5673,5668.4017334263535,1395.9959218059955,23840,20091.576248013498,8040.462950483355,0,341.56351776317933,339.3118667768424,0,58.40009402496071,58.3661598586244,0,65.91038211635623,65.80583956996725,3770,5090.839986444872,2357.9577513862596,19801,19044.212901190433,3713.1301165086347,0,5476.67596050945,4554.878342574035,17975,18483.759232920616,4860.430669123082,104610,104148.12322506696,2369.9797834998485,0,95.95835877370519,95.84930358688084,132569,133023.82264201637,10283.297281135972,3353,4416.015425091142,2088.5717535100234,10993,10577.13553804726,1830.3468850544282
70.jpg,800,623,498400,203151,207518.80792552725,0.9045340900385026,238613,235761.7179574795,28466.174364794315,0,30.490096337833165,30.48338127273063,31653,34698.485019806656,7918.209386701767,1960,3344.6878711696627,2043.4535274397474,23302,23251.807501513176,5073.451815478872,2931,2755.7537269462664,874.9652963524828,0,101.92661980094272,101.80611338779883,26421,26576.670207720337,5249.004194451199,1562,1676.2926705562986,1010.9176721557609,0,188.05546205925566,187.17674250461317,56636,55119.47425874042,3551.146799817747,0,88.76912411495869,88.64949180518823,0,215.6379205369558,212.8827311373964,5,378.7690748505629,357.2209211243182,115317,114211.46263011434,12293.10811202686
71.jpg,800,538,430400,203010,200605.7721990434,0.9376442644590006,48604,48962.52781716639,12091.839887363216,999,1090.0594433575734,411.8917059287227,158316,160277.49620311634,9852.050288444954,0,132.19825714961553,130.67252731441752,0,72.30482907664918,71.81216170229969,0,95.19003233169587,95.15548380842782,0,44.68606304538116,44.67404802523696,1708,1719.85664332118,659.3361035725295,0,41.1587509035744,41.13046039488457,25,117.8778094654408,106.24171148418576,178786,180831.70264118392,3595.776964566801,0,136.3566943798669,135.03675064592986,5157,5211.412625675737,2393.078756098314,0,927.2241943371373,843.5562584261359,36805,30739.950652883148,7580.094740188511
72.jpg,800,776,620800,408931,414022.7415125057,0.7745244283087974,211869,204687.43374989298,34797.70549252483,0,256.58269694529736,256.3835501945778,198989,132883.33288528066,55459.914243651365,0,50023.38992303268,41007.058996554915,0,1063.3563312274018,1058.8477070826932,0,353.69161397694097,353.3575641637543,3582,5852.10707438198,3342.172957396204,0,468.7775859989324,468.1890264805294,0,650.4847383208034,649.2697151729162,69506,73368.79770526558,23808.851427807924,0,2089.824786096302,2078.3212927850773,0,762.1702922291297,760.6418010533312,136854,124579.17582795085,17902.6565175511,0,6554.928988889442,6325.692630008682,0,17205.945849006035,15921.585649780012
73.jpg,337,800,269600,162673,161780.7182202197,0.9182824190058234,69457,71273.75630547019,13663.832425663095,0,14.896518964716961,14.895370819543093,29472,28894.99984892043,2039.0361360127579,0,480.9224255704976,465.1968624510422,192,396.4095329387492,235.8330527941929,4215,4234.106602642151,691.7434495703588,0,24.048804715665028,24.040579481717003,0,15.02490271143597,15.020086349745727,0,51.642408806324966,51.57763840901072,8655,7944.032267328557,2421.498059792461,37470,36545.52571466836,4586.5403770504145,0,85.27372308124541,85.22476985824358,120139,119516.08075029014,6565.280662462831,0,97.47614940776475,96.7127533576116,0,25.80428484203003,25.79967051277665
74.jpg,800,542,433600,132394,130449.49595621793,0.9383356631940362,34567,38119.94093090005,14013.721935643074,0,31.62385512045148,31.610026163587232,0,36.551502278249245,36.54586049296611,61889,62368.28076745719,7797.929566333246,0,70.6110672763607,69.30297422834639,0,33.42622757633035,33.421468655881625,0,22.337259761579844,22.33535625462593,0,19.62093085620654,19.59711847596118,1225,1208.9854385460294,419.30244128012924,30058,27618.438062369132,6433.197637056868,266639,265030.56544021214,3077.5343623765184,0,31.17353502415608,31.16628258417323,29407,29283.92227238545,2473.457049579456,9815,9675.368610599788,1899.611316992307,0,49.15642696701434,49.13131250226434
75.jpg,800,590,472000,252239,252385.9093989964,0.8865284730126545,80779,81789.2134979118,26171.76677604508,12317,11939.796732385445,1759.0054005542133,41564,37382.550140082494,9263.04114010361,8454,10559.61522809173,4605.825722869275,349,1356.9557288559154,1047.232234581839,0,34.4800371006304,34.47555949832488,0,1922.9694715912538,1800.9642505423008,3468,2975.2839445107893,1635.4809918654962,0,64.70156979068634,64.63921781712264,87379,85700.3449888118,9408.171145022936,138982,137824.87495365826,4242.6184925646685,0,38.77570448775077,38.771240106025715,94253,94639.3645666517,9221.655348147078,0,97.2162638510672,97.17371457111452,4455,5673.855022785163,3103.8713030671515
76.jpg,800,614,491200,197024,202001.72831546393,0.8552038306730773,145443,140875.68932901078,28317.100631162244,3974,4029.2049759530455,865.7331719760892,21990,21451.244097235765,5090.18660450549,0,2665.291786634525,2215.5408685551265,0,162.89123191610634,162.12188837454278,58194,56017.033642402006,6498.1681576632,0,96.79281704343157,96.73210419720422,7158,7368.77065720837,1772.1159461494613,343,2396.1151971776344,2136.572476357932,4329,5198.807161891145,3975.229790793631,148733,148322.58303240174,2859.314938430266,0,417.23941876225035,414.69887222580087,54840,36131.561009083576,17325.795221047843,24326,43872.774923265824,18554.94880541905,21870,22194.001396890184,2676.502321026313
77.jpg,800,655,524000,315268,314328.0829719525,0.922148915436261,75645,77472.78384588426,25113.500268370015,0,36.2373797816108,36.23366744932634,0,431.1024768944844,428.9005892052294,65593,63293.22365289803,6222.974594122261,0,45.86569027492624,45.84741750481151,13877,13233.74567710362,2032.3189073441717,0,27.227400405823573,27.223538111242306,127,602.9168922287499,455.030178954669,0,43.49034297609069,43.482551307178966,0,127.3751265368428,127.20014335822424,133087,132199.1357667837,8757.94488221973,0,93.10760185184336,93.07942440838761,235671,235147.54876618925,12262.500925015342,0,131.7445857486964,131.18137448838223,0,1114.497379062468,1097.4624387810395
78.jpg,800,446,356800,164769,162235.79941101646,0.8867078927150539,58278,62614.22974975883,22295.19871300249,20151,19725.938562078652,2623.082492280971,508,1516.070030908595,1273.133377554107,33212,32926.81334422085,2555.5287059378616,990,1436.0009636316827,735.7907225532545,0,48.325863074752306,48.31385920059849,27770,26429.38095146047,4030.168647800924,5555,5039.958120808067,1632.558681955274,0,79.03436549316484,78.94518255829003,27500,25130.90035203835,8091.183533553117,133753,131949.97289576687,3797.446590135976,0,52.7589226040036,52.73607454138546,49083,49410.455171977475,8160.932742344719,0,402.2321349268532,399.9136861118312,0,37.930627793557505,37.92095245296501
79.jpg,800,579,463200,166298,165374.604494485,0.9340571886670352,30245,35123.97646569195,15116.170527467091,15892,14841.487666731016,4076.648680663259,86484,85552.013423735,4361.381425123787,0,174.97972834280154,174.80711207180815,0,82.30948061269373,82.15497233032261,0,150.22910261453126,150.08154371108344,0,40.64453772881461,40.633985835774524,0,61.96554059945811,61.83330538038701,4434,5586.540173795189,2146.1194019481245,0,175.99988353300614,175.5038239446706,266657,262701.4217248063,10290.91611918836,0,1233.3230962358539,1209.0830885051364,59488,57302.29896041195,5276.627431053552,0,94.7146558000968,94.63936727521374,0,78.09824434459733,78.07763474266923
8.jpg,800,583,466400,317690,315273.99500097765,0.9345570271653258,93022,96424.02137358229,18986.546026784727,0,23.57866519239178,23.576377784571868,54684,53746.76415262371,3927.5042257885143,0,27.178347866632976,27.175697805516066,14097,13812.90136117853,2532.692021734021,0,41.633071877593466,41.62305949899812,0,25.351317850385385,25.348241970373213,2581,2578.1131884510987,892.2831258733434,2611,2674.2089280601103,470.4527932055153,29994,29418.50057283388,2717.6061426998867,55688,54701.984132973696,3057.8877799170923,0,50.311461307461286,50.303029095235814,209462,208606.88767726516,8541.05304158735,0,36.17750388216882,36.17432812463307,4261,4232.388752588575,713.7051378636069
80.jpg,800,610,488000,254973,251651.96850076067,0.9152265197105217,43216,49083.427822664016,18978.201176744482,132216,128306.57569566571,9878.19189734727,88838,78434.61902859161,12359.671789512595,0,8936.723861059287,8093.418452664262,0,234.3525800706193,232.32882138302432,0,136.55510795703321,136.42126675444104,0,469.31739778907286,449.946570004279,5520,5160.984072142086,1440.454478817684,0,598.8775883415346,561.3322607412293,0,129.5381120187485,129.19001951726955,189811,187264.60284342756,4635.720836381045,0,112.37701910845135,111.97309714646154,25597,25616.838761147214,2033.6089246402194,0,231.92467959863643,231.05454107940244,2802,3283.284597270678,1897.3972887099987
81.jpg,800,596,476800,341613,341586.9499066617,0.8937399894710718,68934,70075.12382770823,23876.130646159632,13065,13027.513433685075,3490.6391817366666,1612,6440.332154552496,4638.005279969803,15206,11441.234931495745,4439.869317347373,2693,4514.189774248338,2189.263108544988,5351,5155.677379554584,1048.84163413801,11302,10728.45699921909,3130.1236605128342,10643,8981.834673818918,3009.9581296070046,22176,22876.76667719869,6032.570300243147,6588,6762.536616616668,1794.4899258816304,66253,65137.9304508522,3910.6232684218485,0,56.09405729642276,56.08401089165071,248186,246461.76066338102,8252.421526577853,4791,5089.803626811923,2472.048166646408,0,50.74891878270137,50.72380371683577
82.jpg,800,577,461600,122566,122399.20417045668,0.924064421627083,81348,82734.33370603615,21651.330978602997,55332,54928.84777662216,4692.090176309409,14908,15884.321466354842,6074.0688995205965,0,25.607657900596678,25.603364902425817,0,28.646615180816298,28.643378920174406,0,30.6885337564745,30.682171467457636,0,31.67642168812381,31.668638440419045,36604,35567.66001907381,6533.813883778783,0,33.303188138410405,33.30017253655662,0,20.180761687433915,20.178954711043186,257686,256466.45283724036,3979.2770322807614,0,41.01896565189418,40.96914384621225,4378,4243.445917655277,925.7196564225679,0,171.39500510929065,167.21856490569672,11344,11392.411841637455,3317.243654940383
83.jpg,567,800,453600,152132,153091.28057917333,0.8773252043435498,107145,107604.61907426966,33021.30319612524,81945,80576.4540869685,17939.06292326341,28558,27491.878852726106,5780.910916098875,368,631.4911386259773,435.5274757028061,4759,4954.76332678281,2040.740691729494,0,38.47131687107503,38.46268519656806,0,41.60771958314581,41.53717209214648,2126,2616.947151486246,1600.9118254184598,0,162.95536954137424,162.46487728370528,5,422.300997932698,407.8313169376628,194323,192904.10721386914,5711.026630910392,0,186.8301400699129,185.25819581290204,8184,7410.72598244176,3573.283708343012,0,2287.3163120965,1923.41703064811,26187,26269.538184047236,3244.976408506723
84.jpg,800,656,524800,272222,269113.36100876995,0.903329180448952,85374,89593.42082807721,28363.989055986294,0,23.65875479988972,23.655684857998743,67523,65364.69623502456,9727.260902401766,1854,2934.246269516434,1638.029038899358,27953,27309.458747191733,5379.669108934595,0,242.12749042466749,229.3698195187167,0,674.9374251548888,664.1082883823481,5291,5034.989569784713,1680.7782743186813,0,347.13562525385987,294.90559512399466,38143,38227.041200023974,5256.300306103641,167204,166093.2181419789,4819.335762106497,0,59.94930534699961,59.905991326253684,101174,98326.46993369146,8507.880494459645,3913,4244.236768179891,2142.3888756586816,26371,26324.41368437691,1759.768610444527
85.jpg,800,694,555200,275382,278364.43798189715,0.8827388494408633,120696,118811.84796681862,37584.76389056907,0,27.54669094586461,27.54201247418218,43152,46825.5069600081,11358.754676095548,0,85.41748739488139,85.36708712076722,14997,15061.608923850763,3786.2044510744295,14854,14476.364110254864,1471.295535230251,0,180.18143802383292,163.15748975251157,3567,3653.774194135007,1577.439179357199,8364,9070.421748897537,3015.0082927240346,20342,20771.775558065812,5347.183509605403,159122,158023.71986207506,7193.4750756946105,0,51.220865972471074,51.21284421699091,164772,163172.69830537922,14958.247745917492,5334,4953.185472681322,2877.6809278057426,0,34.73622628751582,34.72547179623383
86.jpg,621,800,496800,364169,363636.8662114975,0.8562672492672484,123097,122889.02870523575,32713.682348961862,0,62.46512590880593,61.69972891858401,18279,18032.723752389815,4045.7047678893023,2130,14246.783028550231,7903.380074812314,19513,19417.17629812056,3392.2071957162207,9324,8979.122709959496,1989.8744916424664,0,51.03658039884249,50.845633887792246,388,485.5391365558771,265.49519299525747,544,679.626321702599,430.3529967563452,41751,31633.259950533924,14725.936525743888,9534,10274.103444733028,2593.1697879808457,0,85.81082754773524,85.76778130848594,252606,249747.06485542786,18696.392463941953,12755,13456.43596889931,5072.666301070608,6879,6759.82165550249,1186.9673474591038
87.jpg,800,596,476800,195447,197973.68423221644,0.8192145173765419,111415,109075.90141107113,35424.80243492638,77468,71571.058387243,21991.594567825145,12973,17168.527917937416,9849.439001689603,0,3195.5350403590346,3010.009029815186,22,1256.960210653,1203.9409240337943,0,46.44797639212629,46.43762046697298,0,70.36017160142,70.32783565203624,12067,11924.306290578377,2464.6989586407362,32836,35788.646510234335,18130.222168155346,26611,22044.873229160417,8638.906701905591,169938,169750.41378860525,5577.283996951094,0,149.58842984925104,149.24649479804344,20745,22742.770422296522,7937.770547804283,0,97.06519338595899,97.01936096609268,12725,11917.544452525544,1149.3570103041995
88.jpg,800,552,441600,213579,214524.74414752473,0.887602698028803,99896,101479.78705576624,26310.366356955543,0,68.68123839885084,68.56245075541842,20384,19863.822550381556,5572.933039802654,6,625.3835782084443,601.6531269864865,0,1063.7278717235877,1032.001943510536,81096,79483.83842901874,4937.274879122103,0,149.12243912103077,143.394754676751,0,67.76185019842342,67.66079672872488,27695,27965.491458885506,5874.49004200665,9328,10374.2465053566,3710.1993521768372,128125,125595.46822546824,4377.530123079368,0,136.71889360576824,136.0122807564257,51344,49128.69447404283,9680.93409525095,7950,9316.553987623334,3708.3966587585305,15776,16280.700870960118,4002.187652155136
89.jpg,603,800,482400,352562,351269.9102786911,0.8123828493111812,80990,82669.16247519178,23354.103408859646,14804,15658.101418855862,6029.154427568882,0,118.4702199973326,118.38819331524698,8691,8288.624587962588,1308.2929774872694,0,68.03561260499919,68.01121277717672,0,33.96016136205435,33.95694471786598,0,48.287813891140104,48.28002664985405,0,57.71680698569071,57.708184197982234,54645,53818.21854796314,9178.329693642923,100907,106788.85389795159,33630.40477914117,48848,48460.928160786134,1758.1646438163143,0,136.9536746830854,136.88103541341863,115714,109104.61772261887,35323.28282804035,0,452.47159389819717,451.51349939847967,57801,56695.59821991649,4963.778341091387
9.jpg,800,526,420800,284615,285314.1105192822,0.8872849024606323,112418,111590.05891018774,24184.116603415507,0,14.196113918408628,14.195500208341599,59373,55642.14442286563,11108.76240927684,2775,2933.3490179789605,930.4818746448934,2134,2285.692394712185,836.9139311733624,0,40.149576107441135,40.13755814529597,40,706.0112887088799,618.3281307171209,2,128.89262454090112,116.767870202752,13342,16429.800558602954,7563.557256617195,16575,16247.791129255222,1410.3590328476323,23767,23895.830298789057,4428.48382102892,0,51.86240232689124,51.85075548755034,175791,175934.4564098933,12006.26677100104,0,44.576816591983516,44.56344615594804,14583,14855.18776377947,2205.741230633346
90.jpg,800,557,445600,243056,240571.48252988243,0.8757148401374315,77132,79916.51296165984,28128.895800938135,111,1837.1492421688163,1665.624981993519,67251,65291.83777385097,11517.917819781345,11490,11374.296727157078,3978.6021075123335,0,354.04829712659557,350.10397857346044,23152,21257.21475456959,4072.6078984576952,0,85.18578561500908,84.94311876892671,48,388.3865105339228,315.2059981485858,59345,58889.327736048566,10017.324611813932,8141,7089.595661500989,2620.39155447708,125412,125112.00383693991,6221.584098140598,0,115.79165902543537,115.2764031533648,0,1359.7044139610516,1235.8986577213934,0,159.0632290436988,158.61781431065526,73518,72369.88073928081,6688.863829787227
91.jpg,800,342,273600,179448,178331.0766626026,0.9351100748663017,50871,52689.20394926594,10657.709013830427,5844,5750.773116905464,731.3560181337514,11112,11007.212809483397,690.1477127227759,0,18.688669753506474,18.686974500888155,563,574.8688956895976,186.6896809611944,23476,23060.99010732514,1658.6815740640336,0,12.873522242924082,12.87248670464038,3889,3793.6842335856236,977.5770891910947,11938,11680.725066456202,2190.7381938133703,33040,32959.889798297925,1655.1457619339044,43281,42579.719432880156,1407.2544093834745,0,22.160385023393246,22.157780487031324,88848,88613.19527995738,4019.5495095597985,0,37.83554458149956,37.82875059440667,738,798.1792333005451,308.8643723184942
92.jpg,644,800,515200,419127,417283.5580789983,0.9233391194973396,57502,59691.081423481395,17868.638477351702,0,34.501539141423564,34.26027037977168,23782,24202.62761388666,3738.6204943753655,10523,10066.532490491127,2470.5139756136427,4144,5742.587547074538,2540.941431448651,1214,1204.8799331753999,378.94961360417,0,34.05640857965773,34.041806537104236,4441,3312.5237810380695,1480.4656857703424,0,106.3789161970999,106.05985477940983,17471,23201.44340591394,7865.929715182878,38571,38225.36247819144,2024.6841573582526,0,71.41818292871358,71.40589982025848,357552,349227.8739951172,15125.708809601008,0,51.14669379472616,51.140640766830984,0,27.587571659672903,27.58450043328816
93.jpg,800,611,488800,236407,234724.04670228256,0.8990607094830253,60058,62854.89220648566,25844.312242821466,118125,112655.08983877725,8956.740337847128,89319,86530.8843432405,12576.938484760642,189,3115.5650224390356,2654.8400290736386,8147,8346.906300243638,3235.18291585739,3852,3721.968136314639,647.2532313014956,0,119.02730577874172,118.93547524026201,5856,6315.510933846224,2857.5579707511033,0,327.80163152190835,326.63048335883195,7858,9006.7814298755,5515.29294427983,192335,191221.0606374061,2603.4608655880616,0,56.505575766926995,56.486941236522654,0,349.1818845208254,348.83811008547247,0,1135.8067686137401,986.932869876713,3061,3043.017531343643,1135.2090977904204
94.jpg,800,611,488800,259240,256687.28872372108,0.910106260076153,60738,64919.34264706806,21464.212877565333,121445,119567.46999675319,10427.826870422205,58195,58495.700966989876,9169.979574676465,49981,46050.10283543865,7031.495099683046,5677,6149.401135458702,2822.6662438958274,0,56.15109597490209,56.14327978902243,0,73.64836476580967,73.61765908585741,4850,4871.004394945674,1791.6530391304382,0,71.6854419155352,71.6555315896453,1894,3458.2784375395877,1899.507604615733,168822,167193.37173676572,3997.6011625463093,0,53.493801343272935,53.48549692003207,17198,17552.1912062548,1907.1864590194655,0,247.83486514293327,245.80882805149358,0,40.32618119818835,40.322063561402366
95.jpg,800,582,465600,184721,183996.05837220565,0.8934201554548239,51090,52890.90098223938,20401.231665158008,14447,13721.335430153318,2517.9853031366965,54063,51567.07617321405,11294.84795051697,0,1002.6661852579837,992.5835743932765,15653,14787.183509113083,7137.7427800108235,4547,4417.028807148931,760.6343099345147,0,109.44042824006465,109.36628033082692,20446,20252.23211377165,3428.813493007233,35751,35141.31170279917,12625.754416121035,0,252.35293560299942,251.65697721303286,229789,228713.0326061716,4443.798922326966,0,87.68286244154297,87.6492359081921,39814,39655.6076749644,1742.991284333753,0,87.14506214206995,87.1007529503465,0,2914.995487356444,2774.8718419732636
96.jpg,800,684,547200,187474,188951.25389599515,0.9242984952055985,78547,78685.62936173775,19749.211756969067,0,64.83083846157024,64.81104983306102,9652,9317.40432370369,2787.337814465219,51318,51065.09564061803,7971.121180923096,104229,100306.32232339679,10161.246124899495,10161,10128.134618191545,2906.4470042115,0,73.19908043977557,73.16528271277066,0,149.22733375449207,148.7071158926878,0,87.66624696391227,87.60356343009035,0,626.4104038232035,611.9559598438265,281179,279563.10486361635,4561.924626608965,0,166.89727399939147,166.30235765881008,9334,11618.7188939917,5806.070037729945,2780,5178.257129764839,2791.5060375630824,0,169.08978888620186,168.3549379096807
97.jpg,800,556,444800,241531,244911.13121420084,0.890992225013412,73209,70765.97350648182,23988.060728581524,0,23.205822133524634,23.203814063365353,15577,15602.730288356881,4663.841097537322,250,3126.6290340695414,2636.6916159399543,5307,5703.15487475555,1667.7101005586533,6828,6497.159114112479,1372.260183347875,0,1129.5913232642024,1005.0189203879754,1577,1681.0193466392193,854.6200860532144,0,216.65034796355576,208.65597050109557,56191,53730.79845640648,9153.028240311756,130060,129122.89346754934,4085.5527732532196,0,72.69138191144157,72.65945057447388,151759,150114.07868816442,12764.943740746083,4033,6842.315361144581,3927.7116238474905,9,171.10717527893758,159.54035689069443
98.jpg,800,534,427200,157363,162879.33491715713,0.8453418648288993,72464,67921.22494974452,17798.403779458407,4002,4074.8972899293913,1211.9090215614297,62395,52890.16303566871,25789.02554080326,14971,13054.27782056663,6364.67695445393,0,256.00673346146505,255.50761179074678,8102,7612.377535292576,1888.5790591273399,0,262.8844206250069,262.2812515501368,0,60.209152037607055,60.06149437231552,0,262.65087325462446,262.0940451357598,0,3090.9793790861995,2856.154120185052,197373,196399.44041724218,2755.113499394819,0,80.7357528223256,80.67634247871379,42085,39680.87275805911,6933.33796190768,0,218.92901953743058,217.99664109943217,25808,41334.35114681606,16203.14226416457
99.jpg,800,577,461600,221217,220385.3986857001,0.8977425254804552,87486,89294.1798871606,22757.903407725902,54646,54211.84363561876,5824.167821465804,1483,2228.2007642368917,1345.7109320899979,766,6915.824726896948,4795.2114610633425,0,225.82847567872886,216.4146406912463,0,51.22200299455744,51.10909722600017,0,102.91170260790386,102.43833529462657,14702,14268.233222005212,1606.6592393067654,0,644.7818413440364,613.5244307356985,59967,50674.12299305583,14251.696995379752,152897,151920.42269767626,3540.6902406245413,0,70.91511713546242,70.78195214922566,89309,90175.95000654305,9404.802212942786,0,60.572950575466166,60.54094784190021,344,754.9912470073723,596.2733223123037
